,filename,count,result,label
0,C100P61ThinF_IMG_20150918_144104_cell_170,1,Parasitized,Parasitized
1,C100P61ThinF_IMG_20150918_144823_cell_158,1,Parasitized,Parasitized
2,C100P61ThinF_IMG_20150918_144823_cell_159,1,Parasitized,Parasitized
3,C100P61ThinF_IMG_20150918_145422_cell_166,1,Parasitized,Parasitized
4,C100P61ThinF_IMG_20150918_145422_cell_169,1,Parasitized,Parasitized
5,C101P62ThinF_IMG_20150918_151006_cell_67,1,Parasitized,Parasitized
6,C101P62ThinF_IMG_20150918_151006_cell_77,2,Parasitized,Parasitized
7,C101P62ThinF_IMG_20150918_151006_cell_81,1,Parasitized,Parasitized
8,C101P62ThinF_IMG_20150918_151149_cell_71,1,Parasitized,Parasitized
9,C101P62ThinF_IMG_20150918_151149_cell_73,1,Parasitized,Parasitized
10,C101P62ThinF_IMG_20150918_151149_cell_85,0,Uninfected,Parasitized
11,C101P62ThinF_IMG_20150918_151239_cell_93,1,Parasitized,Parasitized
12,C101P62ThinF_IMG_20150918_151239_cell_95,3,Parasitized,Parasitized
13,C101P62ThinF_IMG_20150918_151507_cell_61,1,Parasitized,Parasitized
14,C101P62ThinF_IMG_20150918_151507_cell_64,1,Parasitized,Parasitized
15,C101P62ThinF_IMG_20150918_151507_cell_65,1,Parasitized,Parasitized
16,C101P62ThinF_IMG_20150918_151507_cell_68,1,Parasitized,Parasitized
17,C101P62ThinF_IMG_20150918_151507_cell_72,1,Parasitized,Parasitized
18,C101P62ThinF_IMG_20150918_151942_cell_85,1,Parasitized,Parasitized
19,C101P62ThinF_IMG_20150918_155731_cell_61,1,Parasitized,Parasitized
20,C101P62ThinF_IMG_20150918_155731_cell_66,2,Parasitized,Parasitized
21,C101P62ThinF_IMG_20150918_155731_cell_75,1,Parasitized,Parasitized
22,C101P62ThinF_IMG_20150918_155731_cell_79,1,Parasitized,Parasitized
23,C101P62ThinF_IMG_20150923_165215_cell_19,1,Parasitized,Parasitized
24,C101P62ThinF_IMG_20150923_165215_cell_8,2,Parasitized,Parasitized
25,C101P62ThinF_IMG_20150923_170110_cell_2,5,Parasitized,Parasitized
26,C101P62ThinF_IMG_20150923_170110_cell_21,2,Parasitized,Parasitized
27,C101P62ThinF_IMG_20150923_170110_cell_4,1,Parasitized,Parasitized
28,C101P62ThinF_IMG_20150923_170246_cell_83,1,Parasitized,Parasitized
29,C101P62ThinF_IMG_20150923_170246_cell_87,1,Parasitized,Parasitized
30,C101P62ThinF_IMG_20150923_170344_cell_72,1,Parasitized,Parasitized
31,C101P62ThinF_IMG_20150923_170344_cell_74,1,Parasitized,Parasitized
32,C101P62ThinF_IMG_20150923_170344_cell_82,1,Parasitized,Parasitized
33,C101P62ThinF_IMG_20150923_170344_cell_85,1,Parasitized,Parasitized
34,C101P62ThinF_IMG_20150923_170344_cell_87,1,Parasitized,Parasitized
35,C101P62ThinF_IMG_20150923_170344_cell_99,1,Parasitized,Parasitized
36,C103P64ThinF_IMG_20150918_164250_cell_170,2,Parasitized,Parasitized
37,C103P64ThinF_IMG_20150918_165510_cell_181,1,Parasitized,Parasitized
38,C104P65ThinF_IMG_20150918_171751_cell_186,1,Parasitized,Parasitized
39,C104P65ThinF_IMG_20150918_172639_cell_182,1,Parasitized,Parasitized
40,C105P66ThinF_IMG_20150924_095034_cell_150,3,Parasitized,Parasitized
41,C105P66ThinF_IMG_20150924_100655_cell_123,1,Parasitized,Parasitized
42,C106P67ThinF_IMG_20150924_103245_cell_143,1,Parasitized,Parasitized
43,C107P68ThinF_IMG_20150924_221632_cell_171,1,Parasitized,Parasitized
44,C107P68ThinF_IMG_20150924_221632_cell_177,1,Parasitized,Parasitized
45,C107P68ThinF_IMG_20150924_221909_cell_155,2,Parasitized,Parasitized
46,C107P68ThinF_IMG_20150924_221909_cell_160,1,Parasitized,Parasitized
47,C107P68ThinF_IMG_20150924_222233_cell_158,2,Parasitized,Parasitized
48,C107P68ThinF_IMG_20150924_222233_cell_162,1,Parasitized,Parasitized
49,C107P68ThinF_IMG_20150924_222535_cell_140,1,Parasitized,Parasitized
50,C107P68ThinF_IMG_20150924_222535_cell_146,1,Parasitized,Parasitized
51,C109P70ThinF_IMG_20150930_103113_cell_161,1,Parasitized,Parasitized
52,C110P71ThinF_IMG_20150930_105319_cell_185,1,Parasitized,Parasitized
53,C111P72ThinF_IMG_20150930_113049_cell_162,1,Parasitized,Parasitized
54,C112P73ThinF_IMG_20150930_131605_cell_182,3,Parasitized,Parasitized
55,C113P74ThinF_IMG_20150930_134429_cell_178,1,Parasitized,Parasitized
56,C113P74ThinF_IMG_20150930_134429_cell_180,2,Parasitized,Parasitized
57,C113P74ThinF_IMG_20150930_134429_cell_182,2,Parasitized,Parasitized
58,C113P74ThinF_IMG_20150930_134614_cell_176,1,Parasitized,Parasitized
59,C113P74ThinF_IMG_20150930_134751_cell_179,1,Parasitized,Parasitized
60,C113P74ThinF_IMG_20150930_135904_cell_180,2,Parasitized,Parasitized
61,C113P74ThinF_IMG_20150930_135904_cell_184,1,Parasitized,Parasitized
62,C113P74ThinF_IMG_20150930_140646_cell_185,1,Parasitized,Parasitized
63,C114P75ThinF_IMG_20150930_150013_cell_195,0,Uninfected,Parasitized
64,C114P75ThinF_IMG_20150930_151150_cell_177,1,Parasitized,Parasitized
65,C114P75ThinF_IMG_20150930_151150_cell_178,2,Parasitized,Parasitized
66,C117P78ThinF_IMG_20150930_214511_cell_91,2,Parasitized,Parasitized
67,C117P78ThinF_IMG_20150930_214941_cell_78,1,Parasitized,Parasitized
68,C117P78ThinF_IMG_20150930_214941_cell_86,1,Parasitized,Parasitized
69,C117P78ThinF_IMG_20150930_221812_cell_84,1,Parasitized,Parasitized
70,C117P78ThinF_IMG_20150930_221927_cell_83,1,Parasitized,Parasitized
71,C118P79ThinF_IMG_20151002_104831_cell_153,2,Parasitized,Parasitized
72,C118P79ThinF_IMG_20151002_104831_cell_154,0,Uninfected,Parasitized
73,C118P79ThinF_IMG_20151002_105018_cell_157,1,Parasitized,Parasitized
74,C118P79ThinF_IMG_20151002_105125_cell_145,2,Parasitized,Parasitized
75,C118P79ThinF_IMG_20151002_105125_cell_158,1,Parasitized,Parasitized
76,C118P79ThinF_IMG_20151002_105125_cell_160,1,Parasitized,Parasitized
77,C118P79ThinF_IMG_20151002_105346_cell_157,3,Parasitized,Parasitized
78,C118P79ThinF_IMG_20151002_105346_cell_164,2,Parasitized,Parasitized
79,C118P79ThinF_IMG_20151002_105735_cell_141,2,Parasitized,Parasitized
80,C118P79ThinF_IMG_20151002_105827_cell_134,1,Parasitized,Parasitized
81,C118P79ThinF_IMG_20151002_105827_cell_145,2,Parasitized,Parasitized
82,C118P79ThinF_IMG_20151002_105827_cell_154,2,Parasitized,Parasitized
83,C118P79ThinF_IMG_20151002_110002_cell_11,1,Parasitized,Parasitized
84,C118P79ThinF_IMG_20151002_110002_cell_24,2,Parasitized,Parasitized
85,C118P79ThinF_IMG_20151002_110002_cell_5,1,Parasitized,Parasitized
86,C118P79ThinF_IMG_20151002_110212_cell_1,2,Parasitized,Parasitized
87,C118P79ThinF_IMG_20151002_110609_cell_5,1,Parasitized,Parasitized
88,C118P79ThinF_IMG_20151002_110725_cell_140,2,Parasitized,Parasitized
89,C119P80ThinF_IMG_20151002_122720_cell_170,2,Parasitized,Parasitized
90,C119P80ThinF_IMG_20151002_123043_cell_165,1,Parasitized,Parasitized
91,C119P80ThinF_IMG_20151002_123911_cell_129,1,Parasitized,Parasitized
92,C119P80ThinF_IMG_20151002_124345_cell_158,1,Parasitized,Parasitized
93,C119P80ThinF_IMG_20151002_124425_cell_138,1,Parasitized,Parasitized
94,C120P81ThinF_IMG_20151002_125443_cell_148,1,Parasitized,Parasitized
95,C120P81ThinF_IMG_20151002_130407_cell_187,2,Parasitized,Parasitized
96,C120P81ThinF_IMG_20151002_130407_cell_194,1,Parasitized,Parasitized
97,C120P81ThinF_IMG_20151002_130715_cell_185,2,Parasitized,Parasitized
98,C120P81ThinF_IMG_20151002_130715_cell_193,1,Parasitized,Parasitized
99,C120P81ThinF_IMG_20151002_130918_cell_196,1,Parasitized,Parasitized
100,C120P81ThinF_IMG_20151002_130918_cell_197,1,Parasitized,Parasitized
101,C120P81ThinF_IMG_20151002_130918_cell_205,2,Parasitized,Parasitized
102,C120P81ThinF_IMG_20151002_130918_cell_210,1,Parasitized,Parasitized
103,C120P81ThinF_IMG_20151002_131120_cell_187,1,Parasitized,Parasitized
104,C121P82ThinF_IMG_20151002_134953_cell_71,1,Parasitized,Parasitized
105,C123P84ThinF_IMG_20151002_150931_cell_197,1,Parasitized,Parasitized
106,C123P84ThinF_IMG_20151002_151143_cell_188,1,Parasitized,Parasitized
107,C123P84ThinF_IMG_20151002_151432_cell_170,0,Uninfected,Parasitized
108,C123P84ThinF_IMG_20151002_152144_cell_189,1,Parasitized,Parasitized
109,C123P84ThinF_IMG_20151002_152330_cell_197,2,Parasitized,Parasitized
110,C124P85ThinF_IMG_20151002_153825_cell_189,1,Parasitized,Parasitized
111,C124P85ThinF_IMG_20151002_154846_cell_155,1,Parasitized,Parasitized
112,C124P85ThinF_IMG_20151002_155026_cell_171,1,Parasitized,Parasitized
113,C124P85ThinF_IMG_20151002_155101_cell_170,1,Parasitized,Parasitized
114,C124P85ThinF_IMG_20151002_155223_cell_166,1,Parasitized,Parasitized
115,C124P85ThinF_IMG_20151002_155223_cell_171,1,Parasitized,Parasitized
116,C125P86ThinF_IMG_20151004_101158_cell_155,1,Parasitized,Parasitized
117,C126P87ThinF_IMG_20151004_104441_cell_122,1,Parasitized,Parasitized
118,C126P87ThinF_IMG_20151004_104728_cell_127,1,Parasitized,Parasitized
119,C126P87ThinF_IMG_20151004_105100_cell_130,2,Parasitized,Parasitized
120,C126P87ThinF_IMG_20151004_105342_cell_117,1,Parasitized,Parasitized
121,C126P87ThinF_IMG_20151004_105844_cell_146,1,Parasitized,Parasitized
122,C127P88ThinF_IMG_20151004_111436_cell_124,1,Parasitized,Parasitized
123,C127P88ThinF_IMG_20151004_111526_cell_101,1,Parasitized,Parasitized
124,C127P88ThinF_IMG_20151004_112301_cell_125,2,Parasitized,Parasitized
125,C128P89ThinF_IMG_20151004_130408_cell_147,0,Uninfected,Parasitized
126,C128P89ThinF_IMG_20151004_130408_cell_148,1,Parasitized,Parasitized
127,C128P89ThinF_IMG_20151004_130408_cell_156,2,Parasitized,Parasitized
128,C128P89ThinF_IMG_20151004_130408_cell_157,2,Parasitized,Parasitized
129,C128P89ThinF_IMG_20151004_130549_cell_140,1,Parasitized,Parasitized
130,C128P89ThinF_IMG_20151004_130549_cell_145,1,Parasitized,Parasitized
131,C128P89ThinF_IMG_20151004_130549_cell_148,1,Parasitized,Parasitized
132,C128P89ThinF_IMG_20151004_130810_cell_150,1,Parasitized,Parasitized
133,C128P89ThinF_IMG_20151004_130810_cell_154,2,Parasitized,Parasitized
134,C128P89ThinF_IMG_20151004_131030_cell_151,1,Parasitized,Parasitized
135,C128P89ThinF_IMG_20151004_131030_cell_161,2,Parasitized,Parasitized
136,C128P89ThinF_IMG_20151004_131129_cell_147,2,Parasitized,Parasitized
137,C128P89ThinF_IMG_20151004_131129_cell_157,1,Parasitized,Parasitized
138,C128P89ThinF_IMG_20151004_131129_cell_158,0,Uninfected,Parasitized
139,C128P89ThinF_IMG_20151004_131231_cell_138,2,Parasitized,Parasitized
140,C128P89ThinF_IMG_20151004_131231_cell_140,2,Parasitized,Parasitized
141,C128P89ThinF_IMG_20151004_131231_cell_160,2,Parasitized,Parasitized
142,C128P89ThinF_IMG_20151004_131632_cell_171,1,Parasitized,Parasitized
143,C128P89ThinF_IMG_20151004_131753_cell_127,1,Parasitized,Parasitized
144,C129P90ThinF_IMG_20151004_133329_cell_100,2,Parasitized,Parasitized
145,C129P90ThinF_IMG_20151004_133329_cell_108,1,Parasitized,Parasitized
146,C129P90ThinF_IMG_20151004_133329_cell_113,1,Parasitized,Parasitized
147,C129P90ThinF_IMG_20151004_133329_cell_95,1,Parasitized,Parasitized
148,C129P90ThinF_IMG_20151004_133329_cell_98,1,Parasitized,Parasitized
149,C129P90ThinF_IMG_20151004_133538_cell_103,1,Parasitized,Parasitized
150,C129P90ThinF_IMG_20151004_133538_cell_90,2,Parasitized,Parasitized
151,C129P90ThinF_IMG_20151004_133703_cell_104,1,Parasitized,Parasitized
152,C129P90ThinF_IMG_20151004_133703_cell_105,1,Parasitized,Parasitized
153,C129P90ThinF_IMG_20151004_133703_cell_89,1,Parasitized,Parasitized
154,C129P90ThinF_IMG_20151004_134306_cell_124,1,Parasitized,Parasitized
155,C129P90ThinF_IMG_20151004_134306_cell_125,1,Parasitized,Parasitized
156,C129P90ThinF_IMG_20151004_134520_cell_104,1,Parasitized,Parasitized
157,C129P90ThinF_IMG_20151004_134520_cell_121,1,Parasitized,Parasitized
158,C129P90ThinF_IMG_20151004_134520_cell_99,1,Parasitized,Parasitized
159,C129P90ThinF_IMG_20151004_134636_cell_23,1,Parasitized,Parasitized
160,C129P90ThinF_IMG_20151004_134636_cell_3,1,Parasitized,Parasitized
161,C129P90ThinF_IMG_20151004_134700_cell_12,3,Parasitized,Parasitized
162,C129P90ThinF_IMG_20151004_134700_cell_4,2,Parasitized,Parasitized
163,C129P90ThinF_IMG_20151004_134700_cell_9,2,Parasitized,Parasitized
164,C129P90ThinF_IMG_20151004_134944_cell_13,1,Parasitized,Parasitized
165,C129P90ThinF_IMG_20151004_134944_cell_7,4,Parasitized,Parasitized
166,C129P90ThinF_IMG_20151004_134944_cell_9,2,Parasitized,Parasitized
167,C130P91ThinF_IMG_20151004_135449_cell_123,1,Parasitized,Parasitized
168,C130P91ThinF_IMG_20151004_135449_cell_125,1,Parasitized,Parasitized
169,C130P91ThinF_IMG_20151004_141341_cell_156,1,Parasitized,Parasitized
170,C130P91ThinF_IMG_20151004_141428_cell_127,1,Parasitized,Parasitized
171,C130P91ThinF_IMG_20151004_141428_cell_134,1,Parasitized,Parasitized
172,C130P91ThinF_IMG_20151004_141504_cell_151,1,Parasitized,Parasitized
173,C130P91ThinF_IMG_20151004_142109_cell_138,1,Parasitized,Parasitized
174,C130P91ThinF_IMG_20151004_142109_cell_143,1,Parasitized,Parasitized
175,C130P91ThinF_IMG_20151004_142109_cell_145,1,Parasitized,Parasitized
176,C130P91ThinF_IMG_20151004_142709_cell_121,2,Parasitized,Parasitized
177,C130P91ThinF_IMG_20151004_142951_cell_143,1,Parasitized,Parasitized
178,C130P91ThinF_IMG_20151004_142951_cell_144,1,Parasitized,Parasitized
179,C130P91ThinF_IMG_20151004_142951_cell_146,1,Parasitized,Parasitized
180,C131P92ThinF_IMG_20151004_151001_cell_126,2,Parasitized,Parasitized
181,C131P92ThinF_IMG_20151004_151001_cell_128,1,Parasitized,Parasitized
182,C131P92ThinF_IMG_20151004_151001_cell_129,1,Parasitized,Parasitized
183,C131P92ThinF_IMG_20151004_151001_cell_130,2,Parasitized,Parasitized
184,C131P92ThinF_IMG_20151004_151126_cell_126,1,Parasitized,Parasitized
185,C132P93ThinF_IMG_20151004_151701_cell_130,2,Parasitized,Parasitized
186,C132P93ThinF_IMG_20151004_151701_cell_141,2,Parasitized,Parasitized
187,C132P93ThinF_IMG_20151004_151701_cell_150,2,Parasitized,Parasitized
188,C132P93ThinF_IMG_20151004_151701_cell_164,1,Parasitized,Parasitized
189,C132P93ThinF_IMG_20151004_151701_cell_180,2,Parasitized,Parasitized
190,C132P93ThinF_IMG_20151004_151733_cell_143,1,Parasitized,Parasitized
191,C132P93ThinF_IMG_20151004_151733_cell_167,1,Parasitized,Parasitized
192,C132P93ThinF_IMG_20151004_151733_cell_186,3,Parasitized,Parasitized
193,C132P93ThinF_IMG_20151004_151733_cell_188,2,Parasitized,Parasitized
194,C132P93ThinF_IMG_20151004_151811_cell_170,2,Parasitized,Parasitized
195,C132P93ThinF_IMG_20151004_151941_cell_19,1,Parasitized,Parasitized
196,C132P93ThinF_IMG_20151004_151941_cell_2,1,Parasitized,Parasitized
197,C132P93ThinF_IMG_20151004_151941_cell_38,1,Parasitized,Parasitized
198,C132P93ThinF_IMG_20151004_151941_cell_43,1,Parasitized,Parasitized
199,C132P93ThinF_IMG_20151004_151941_cell_6,2,Parasitized,Parasitized
200,C132P93ThinF_IMG_20151004_152045_cell_116,2,Parasitized,Parasitized
201,C132P93ThinF_IMG_20151004_152045_cell_131,1,Parasitized,Parasitized
202,C132P93ThinF_IMG_20151004_152045_cell_136,1,Parasitized,Parasitized
203,C132P93ThinF_IMG_20151004_152045_cell_139,1,Parasitized,Parasitized
204,C132P93ThinF_IMG_20151004_152045_cell_142,2,Parasitized,Parasitized
205,C132P93ThinF_IMG_20151004_152045_cell_152,1,Parasitized,Parasitized
206,C132P93ThinF_IMG_20151004_152045_cell_155,2,Parasitized,Parasitized
207,C132P93ThinF_IMG_20151004_152257_cell_125,3,Parasitized,Parasitized
208,C132P93ThinF_IMG_20151004_152257_cell_142,1,Parasitized,Parasitized
209,C132P93ThinF_IMG_20151004_152353_cell_139,2,Parasitized,Parasitized
210,C132P93ThinF_IMG_20151004_152353_cell_144,1,Parasitized,Parasitized
211,C132P93ThinF_IMG_20151004_152353_cell_160,3,Parasitized,Parasitized
212,C132P93ThinF_IMG_20151004_152353_cell_167,3,Parasitized,Parasitized
213,C132P93ThinF_IMG_20151004_152353_cell_177,2,Parasitized,Parasitized
214,C132P93ThinF_IMG_20151004_152505_cell_136,1,Parasitized,Parasitized
215,C132P93ThinF_IMG_20151004_152505_cell_157,2,Parasitized,Parasitized
216,C132P93ThinF_IMG_20151004_152505_cell_158,3,Parasitized,Parasitized
217,C132P93ThinF_IMG_20151004_152642_cell_10,2,Parasitized,Parasitized
218,C132P93ThinF_IMG_20151004_152642_cell_26,2,Parasitized,Parasitized
219,C132P93ThinF_IMG_20151004_152642_cell_27,1,Parasitized,Parasitized
220,C132P93ThinF_IMG_20151004_152642_cell_48,1,Parasitized,Parasitized
221,C132P93ThinF_IMG_20151004_152642_cell_51,1,Parasitized,Parasitized
222,C132P93ThinF_IMG_20151004_152808_cell_20,2,Parasitized,Parasitized
223,C132P93ThinF_IMG_20151004_152808_cell_24,1,Parasitized,Parasitized
224,C132P93ThinF_IMG_20151004_152808_cell_31,2,Parasitized,Parasitized
225,C132P93ThinF_IMG_20151004_152808_cell_43,2,Parasitized,Parasitized
226,C132P93ThinF_IMG_20151004_152808_cell_46,1,Parasitized,Parasitized
227,C132P93ThinF_IMG_20151004_153030_cell_42,1,Parasitized,Parasitized
228,C133P94ThinF_IMG_20151004_153930_cell_112,1,Parasitized,Parasitized
229,C133P94ThinF_IMG_20151004_154158_cell_112,1,Parasitized,Parasitized
230,C133P94ThinF_IMG_20151004_154351_cell_107,1,Parasitized,Parasitized
231,C133P94ThinF_IMG_20151004_154351_cell_111,2,Parasitized,Parasitized
232,C133P94ThinF_IMG_20151004_154512_cell_138,2,Parasitized,Parasitized
233,C133P94ThinF_IMG_20151004_154512_cell_143,1,Parasitized,Parasitized
234,C133P94ThinF_IMG_20151004_154717_cell_132,1,Parasitized,Parasitized
235,C133P94ThinF_IMG_20151004_154919_cell_121,1,Parasitized,Parasitized
236,C133P94ThinF_IMG_20151004_154919_cell_127,3,Parasitized,Parasitized
237,C133P94ThinF_IMG_20151004_155012_cell_13,1,Parasitized,Parasitized
238,C133P94ThinF_IMG_20151004_155144_cell_139,1,Parasitized,Parasitized
239,C133P94ThinF_IMG_20151004_155331_cell_109,1,Parasitized,Parasitized
240,C133P94ThinF_IMG_20151004_155331_cell_116,1,Parasitized,Parasitized
241,C133P94ThinF_IMG_20151004_155331_cell_117,1,Parasitized,Parasitized
242,C133P94ThinF_IMG_20151004_155331_cell_124,1,Parasitized,Parasitized
243,C133P94ThinF_IMG_20151004_155518_cell_111,2,Parasitized,Parasitized
244,C133P94ThinF_IMG_20151004_155518_cell_114,1,Parasitized,Parasitized
245,C133P94ThinF_IMG_20151004_155721_cell_109,0,Uninfected,Parasitized
246,C133P94ThinF_IMG_20151004_155721_cell_112,1,Parasitized,Parasitized
247,C133P94ThinF_IMG_20151004_155721_cell_114,3,Parasitized,Parasitized
248,C133P94ThinF_IMG_20151004_155912_cell_18,1,Parasitized,Parasitized
249,C134P95ThinF_IMG_20151005_121048_cell_112,1,Parasitized,Parasitized
250,C134P95ThinF_IMG_20151005_121343_cell_123,2,Parasitized,Parasitized
251,C134P95ThinF_IMG_20151005_121656_cell_105,1,Parasitized,Parasitized
252,C135P96ThinF_IMG_20151005_123857_cell_161,2,Parasitized,Parasitized
253,C136P97ThinF_IMG_20151005_140538_cell_94,0,Uninfected,Parasitized
254,C136P97ThinF_IMG_20151005_140646_cell_104,2,Parasitized,Parasitized
255,C136P97ThinF_IMG_20151005_140646_cell_110,1,Parasitized,Parasitized
256,C136P97ThinF_IMG_20151005_140646_cell_116,2,Parasitized,Parasitized
257,C136P97ThinF_IMG_20151005_141321_cell_104,2,Parasitized,Parasitized
258,C136P97ThinF_IMG_20151005_141552_cell_2,2,Parasitized,Parasitized
259,C136P97ThinF_IMG_20151005_141552_cell_7,2,Parasitized,Parasitized
260,C136P97ThinF_IMG_20151005_141552_cell_8,1,Parasitized,Parasitized
261,C136P97ThinF_IMG_20151005_141803_cell_108,2,Parasitized,Parasitized
262,C136P97ThinF_IMG_20151005_141803_cell_110,1,Parasitized,Parasitized
263,C136P97ThinF_IMG_20151005_141946_cell_106,2,Parasitized,Parasitized
264,C136P97ThinF_IMG_20151005_141946_cell_108,1,Parasitized,Parasitized
265,C136P97ThinF_IMG_20151005_141946_cell_118,2,Parasitized,Parasitized
266,C136P97ThinF_IMG_20151005_142437_cell_123,2,Parasitized,Parasitized
267,C136P97ThinF_IMG_20151005_142437_cell_127,1,Parasitized,Parasitized
268,C136P97ThinF_IMG_20151005_142627_cell_19,1,Parasitized,Parasitized
269,C136P97ThinF_IMG_20151005_142627_cell_21,0,Uninfected,Parasitized
270,C136P97ThinF_IMG_20151005_143743_cell_119,1,Parasitized,Parasitized
271,C136P97ThinF_IMG_20151005_144449_cell_1,1,Parasitized,Parasitized
272,C136P97ThinF_IMG_20151005_144449_cell_20,1,Parasitized,Parasitized
273,C136P97ThinF_IMG_20151005_144449_cell_25,3,Parasitized,Parasitized
274,C136P97ThinF_IMG_20151005_144449_cell_3,2,Parasitized,Parasitized
275,C136P97ThinF_IMG_20151005_144449_cell_8,1,Parasitized,Parasitized
276,C136P97ThinF_IMG_20151005_144727_cell_114,1,Parasitized,Parasitized
277,C136P97ThinF_IMG_20151005_144727_cell_122,2,Parasitized,Parasitized
278,C137P98ThinF_IMG_20151005_155704_cell_54,2,Parasitized,Parasitized
279,C137P98ThinF_IMG_20151005_160256_cell_62,2,Parasitized,Parasitized
280,C137P98ThinF_IMG_20151005_160256_cell_64,1,Parasitized,Parasitized
281,C137P98ThinF_IMG_20151005_160918_cell_64,1,Parasitized,Parasitized
282,C137P98ThinF_IMG_20151005_160918_cell_68,1,Parasitized,Parasitized
283,C137P98ThinF_IMG_20151005_160918_cell_69,1,Parasitized,Parasitized
284,C137P98ThinF_IMG_20151005_161306_cell_13,1,Parasitized,Parasitized
285,C137P98ThinF_IMG_20151005_161306_cell_4,0,Uninfected,Parasitized
286,C137P98ThinF_IMG_20151005_161449_cell_6,2,Parasitized,Parasitized
287,C137P98ThinF_IMG_20151005_161659_cell_6,1,Parasitized,Parasitized
288,C137P98ThinF_IMG_20151005_161859_cell_82,2,Parasitized,Parasitized
289,C137P98ThinF_IMG_20151005_162010_cell_84,1,Parasitized,Parasitized
290,C137P98ThinF_IMG_20151005_162010_cell_93,1,Parasitized,Parasitized
291,C137P98ThinF_IMG_20151005_162348_cell_11,1,Parasitized,Parasitized
292,C137P98ThinF_IMG_20151005_162437_cell_88,1,Parasitized,Parasitized
293,C137P98ThinF_IMG_20151005_163218_cell_82,1,Parasitized,Parasitized
294,C137P98ThinF_IMG_20151005_163218_cell_83,1,Parasitized,Parasitized
295,C137P98ThinF_IMG_20151005_163218_cell_88,1,Parasitized,Parasitized
296,C137P98ThinF_IMG_20151005_163251_cell_64,1,Parasitized,Parasitized
297,C137P98ThinF_IMG_20151005_163251_cell_66,1,Parasitized,Parasitized
298,C137P98ThinF_IMG_20151005_163251_cell_70,1,Parasitized,Parasitized
299,C137P98ThinF_IMG_20151005_163335_cell_8,1,Parasitized,Parasitized
300,C137P98ThinF_IMG_20151005_163712_cell_76,1,Parasitized,Parasitized
301,C137P98ThinF_IMG_20151005_163712_cell_83,1,Parasitized,Parasitized
302,C137P98ThinF_IMG_20151005_163901_cell_69,0,Uninfected,Parasitized
303,C137P98ThinF_IMG_20151005_163946_cell_1,1,Parasitized,Parasitized
304,C137P98ThinF_IMG_20151005_163946_cell_14,1,Parasitized,Parasitized
305,C137P98ThinF_IMG_20151005_164119_cell_72,1,Parasitized,Parasitized
306,C137P98ThinF_IMG_20151005_164119_cell_74,1,Parasitized,Parasitized
307,C139P100ThinF_IMG_20151005_183521_cell_154,0,Uninfected,Parasitized
308,C140P101ThinF_IMG_20151005_205922_cell_189,1,Parasitized,Parasitized
309,C140P101ThinF_IMG_20151005_210026_cell_171,1,Parasitized,Parasitized
310,C140P101ThinF_IMG_20151005_210026_cell_178,2,Parasitized,Parasitized
311,C140P101ThinF_IMG_20151005_210207_cell_164,1,Parasitized,Parasitized
312,C140P101ThinF_IMG_20151005_210309_cell_182,1,Parasitized,Parasitized
313,C140P101ThinF_IMG_20151005_210309_cell_184,1,Parasitized,Parasitized
314,C140P101ThinF_IMG_20151005_210309_cell_186,0,Uninfected,Parasitized
315,C140P101ThinF_IMG_20151005_211530_cell_157,2,Parasitized,Parasitized
316,C142P103ThinF_IMG_20151005_223257_cell_188,1,Parasitized,Parasitized
317,C33P1thinF_IMG_20150619_115808a_cell_206,1,Parasitized,Parasitized
318,C37BP2_thinF_IMG_20150620_132440a_cell_108,2,Parasitized,Parasitized
319,C38P3thinF_original_IMG_20150621_112043_cell_203,1,Parasitized,Parasitized
320,C62P23N_ThinF_IMG_20150818_132811_cell_191,1,Parasitized,Parasitized
321,C62P23N_ThinF_IMG_20150818_132811_cell_192,1,Parasitized,Parasitized
322,C62P23N_ThinF_IMG_20150818_133307_cell_168,0,Uninfected,Parasitized
323,C62P23N_ThinF_IMG_20150818_133307_cell_169,1,Parasitized,Parasitized
324,C63P24N_ThinF_IMG_20150818_143757_cell_173,1,Parasitized,Parasitized
325,C64P25N_ThinF_IMG_20150818_153401_cell_195,2,Parasitized,Parasitized
326,C65P26N_ThinF_IMG_20150818_154624_cell_204,1,Parasitized,Parasitized
327,C66P27N_ThinF_IMG_20150818_163551_cell_176,2,Parasitized,Parasitized
328,C66P27N_ThinF_IMG_20150818_163551_cell_185,1,Parasitized,Parasitized
329,C66P27N_ThinF_IMG_20150818_164008_cell_161,1,Parasitized,Parasitized
330,C66P27N_ThinF_IMG_20150818_164008_cell_162,1,Parasitized,Parasitized
331,C66P27N_ThinF_IMG_20150818_164408_cell_135,1,Parasitized,Parasitized
332,C66P27N_ThinF_IMG_20150818_164408_cell_144,1,Parasitized,Parasitized
333,C66P27N_ThinF_IMG_20150818_164754_cell_195,1,Parasitized,Parasitized
334,C67P28N_ThinF_IMG_20150819_115955_cell_170,4,Parasitized,Parasitized
335,C67P28N_ThinF_IMG_20150819_121053_cell_231,2,Parasitized,Parasitized
336,C67P28N_ThinF_IMG_20150819_121053_cell_234,4,Parasitized,Parasitized
337,C67P28N_ThinF_IMG_20150819_121456_cell_243,1,Parasitized,Parasitized
338,C67P28N_ThinF_IMG_20150819_121456_cell_254,1,Parasitized,Parasitized
339,C67P28N_ThinF_IMG_20150819_132441_cell_167,1,Parasitized,Parasitized
340,C68P29N_ThinF_IMG_20150819_133236_cell_147,1,Parasitized,Parasitized
341,C68P29N_ThinF_IMG_20150819_133236_cell_155,2,Parasitized,Parasitized
342,C68P29N_ThinF_IMG_20150819_133236_cell_156,3,Parasitized,Parasitized
343,C68P29N_ThinF_IMG_20150819_133236_cell_166,4,Parasitized,Parasitized
344,C68P29N_ThinF_IMG_20150819_133236_cell_168,3,Parasitized,Parasitized
345,C68P29N_ThinF_IMG_20150819_133236_cell_181,3,Parasitized,Parasitized
346,C68P29N_ThinF_IMG_20150819_133236_cell_197,2,Parasitized,Parasitized
347,C68P29N_ThinF_IMG_20150819_133350_cell_146,2,Parasitized,Parasitized
348,C68P29N_ThinF_IMG_20150819_133350_cell_163,2,Parasitized,Parasitized
349,C68P29N_ThinF_IMG_20150819_133350_cell_165,2,Parasitized,Parasitized
350,C68P29N_ThinF_IMG_20150819_133350_cell_170,5,Parasitized,Parasitized
351,C68P29N_ThinF_IMG_20150819_133350_cell_176,2,Parasitized,Parasitized
352,C68P29N_ThinF_IMG_20150819_133350_cell_184,2,Parasitized,Parasitized
353,C68P29N_ThinF_IMG_20150819_133447_cell_120,3,Parasitized,Parasitized
354,C68P29N_ThinF_IMG_20150819_133447_cell_126,2,Parasitized,Parasitized
355,C68P29N_ThinF_IMG_20150819_133447_cell_132,2,Parasitized,Parasitized
356,C68P29N_ThinF_IMG_20150819_133447_cell_142,3,Parasitized,Parasitized
357,C68P29N_ThinF_IMG_20150819_133447_cell_154,2,Parasitized,Parasitized
358,C68P29N_ThinF_IMG_20150819_133447_cell_167,2,Parasitized,Parasitized
359,C68P29N_ThinF_IMG_20150819_133447_cell_175,1,Parasitized,Parasitized
360,C68P29N_ThinF_IMG_20150819_133447_cell_179,3,Parasitized,Parasitized
361,C68P29N_ThinF_IMG_20150819_134112_cell_118,2,Parasitized,Parasitized
362,C68P29N_ThinF_IMG_20150819_134112_cell_120,1,Parasitized,Parasitized
363,C68P29N_ThinF_IMG_20150819_134112_cell_147,2,Parasitized,Parasitized
364,C68P29N_ThinF_IMG_20150819_134112_cell_149,1,Parasitized,Parasitized
365,C68P29N_ThinF_IMG_20150819_134112_cell_154,1,Parasitized,Parasitized
366,C68P29N_ThinF_IMG_20150819_134326_cell_117,1,Parasitized,Parasitized
367,C68P29N_ThinF_IMG_20150819_134326_cell_119,1,Parasitized,Parasitized
368,C68P29N_ThinF_IMG_20150819_134326_cell_140,2,Parasitized,Parasitized
369,C68P29N_ThinF_IMG_20150819_134326_cell_143,6,Parasitized,Parasitized
370,C68P29N_ThinF_IMG_20150819_134326_cell_148,1,Parasitized,Parasitized
371,C68P29N_ThinF_IMG_20150819_134326_cell_151,2,Parasitized,Parasitized
372,C68P29N_ThinF_IMG_20150819_134326_cell_166,4,Parasitized,Parasitized
373,C68P29N_ThinF_IMG_20150819_134326_cell_173,2,Parasitized,Parasitized
374,C68P29N_ThinF_IMG_20150819_134504_cell_104,2,Parasitized,Parasitized
375,C68P29N_ThinF_IMG_20150819_134504_cell_105,2,Parasitized,Parasitized
376,C68P29N_ThinF_IMG_20150819_134504_cell_126,1,Parasitized,Parasitized
377,C68P29N_ThinF_IMG_20150819_134504_cell_142,2,Parasitized,Parasitized
378,C68P29N_ThinF_IMG_20150819_134504_cell_145,1,Parasitized,Parasitized
379,C68P29N_ThinF_IMG_20150819_134504_cell_147,1,Parasitized,Parasitized
380,C68P29N_ThinF_IMG_20150819_134504_cell_159,2,Parasitized,Parasitized
381,C68P29N_ThinF_IMG_20150819_134625_cell_29,1,Parasitized,Parasitized
382,C68P29N_ThinF_IMG_20150819_134625_cell_54,2,Parasitized,Parasitized
383,C68P29N_ThinF_IMG_20150819_134625_cell_55,1,Parasitized,Parasitized
384,C68P29N_ThinF_IMG_20150819_134712_cell_20,2,Parasitized,Parasitized
385,C68P29N_ThinF_IMG_20150819_134712_cell_28,3,Parasitized,Parasitized
386,C68P29N_ThinF_IMG_20150819_134712_cell_35,2,Parasitized,Parasitized
387,C68P29N_ThinF_IMG_20150819_134712_cell_4,1,Parasitized,Parasitized
388,C68P29N_ThinF_IMG_20150819_134830_cell_10,2,Parasitized,Parasitized
389,C68P29N_ThinF_IMG_20150819_134830_cell_24,0,Uninfected,Parasitized
390,C68P29N_ThinF_IMG_20150819_134830_cell_33,2,Parasitized,Parasitized
391,C68P29N_ThinF_IMG_20150819_134830_cell_43,4,Parasitized,Parasitized
392,C68P29N_ThinF_IMG_20150819_134830_cell_57,1,Parasitized,Parasitized
393,C68P29N_ThinF_IMG_20150819_134830_cell_6,1,Parasitized,Parasitized
394,C68P29N_ThinF_IMG_20150819_134830_cell_65,2,Parasitized,Parasitized
395,C68P29N_ThinF_IMG_20150819_134830_cell_66,1,Parasitized,Parasitized
396,C68P29N_ThinF_IMG_20150819_134830_cell_67,2,Parasitized,Parasitized
397,C68P29N_ThinF_IMG_20150819_134830_cell_80,3,Parasitized,Parasitized
398,C70P31_ThinF_IMG_20150813_130332_cell_100,1,Parasitized,Parasitized
399,C70P31_ThinF_IMG_20150813_130332_cell_110,1,Parasitized,Parasitized
400,C70P31_ThinF_IMG_20150813_130332_cell_99,1,Parasitized,Parasitized
401,C70P31_ThinF_IMG_20150813_131022_cell_95,2,Parasitized,Parasitized
402,C70P31_ThinF_IMG_20150813_131330_cell_88,1,Parasitized,Parasitized
403,C70P31_ThinF_IMG_20150813_131457_cell_10,1,Parasitized,Parasitized
404,C70P31_ThinF_IMG_20150813_131457_cell_3,1,Parasitized,Parasitized
405,C70P31_ThinF_IMG_20150813_131457_cell_5,1,Parasitized,Parasitized
406,C70P31_ThinF_IMG_20150813_131457_cell_7,1,Parasitized,Parasitized
407,C70P31_ThinF_IMG_20150813_131609_cell_91,1,Parasitized,Parasitized
408,C70P31_ThinF_IMG_20150813_131924_cell_4,1,Parasitized,Parasitized
409,C70P31_ThinF_IMG_20150813_131924_cell_7,1,Parasitized,Parasitized
410,C70P31_ThinF_IMG_20150813_132732_cell_3,1,Parasitized,Parasitized
411,C70P31_ThinF_IMG_20150819_141327_cell_77,2,Parasitized,Parasitized
412,C70P31_ThinF_IMG_20150819_141403_cell_91,1,Parasitized,Parasitized
413,C70P31_ThinF_IMG_20150819_141730_cell_100,1,Parasitized,Parasitized
414,C70P31_ThinF_IMG_20150819_141730_cell_105,2,Parasitized,Parasitized
415,C70P31_ThinF_IMG_20150819_141730_cell_106,1,Parasitized,Parasitized
416,C70P31_ThinF_IMG_20150819_142239_cell_14,2,Parasitized,Parasitized
417,C70P31_ThinF_IMG_20150819_142239_cell_7,1,Parasitized,Parasitized
418,C70P31_ThinF_IMG_20150819_142239_cell_9,1,Parasitized,Parasitized
419,C71P32_ThinF_IMG_20150813_163655_cell_199,1,Parasitized,Parasitized
420,C72P33_ThinF_IMG_20150815_105823_cell_241,1,Parasitized,Parasitized
421,C74P35_ThinF_IMG_20150815_113951_cell_127,1,Parasitized,Parasitized
422,C74P35_ThinF_IMG_20150815_114401_cell_153,2,Parasitized,Parasitized
423,C74P35_ThinF_IMG_20150815_114401_cell_156,2,Parasitized,Parasitized
424,C74P35_ThinF_IMG_20150815_114401_cell_157,2,Parasitized,Parasitized
425,C74P35_ThinF_IMG_20150815_121324_cell_138,2,Parasitized,Parasitized
426,C76P37ThinF_IMG_20150815_171454_cell_249,1,Parasitized,Parasitized
427,C76P37ThinF_IMG_20150815_172808_cell_218,2,Parasitized,Parasitized
428,C76P37ThinF_IMG_20150815_172808_cell_220,2,Parasitized,Parasitized
429,C76P37ThinF_IMG_20150815_172808_cell_224,1,Parasitized,Parasitized
430,C76P37ThinF_IMG_20150815_172902_cell_215,1,Parasitized,Parasitized
431,C76P37ThinF_IMG_20150815_172902_cell_225,0,Uninfected,Parasitized
432,C79P40ThinF_IMG_20150817_103901_cell_122,2,Parasitized,Parasitized
433,C79P40ThinF_IMG_20150817_104919_cell_130,0,Uninfected,Parasitized
434,C80P41ThinF_IMG_20150817_110348_cell_113,1,Parasitized,Parasitized
435,C80P41ThinF_IMG_20150817_110348_cell_124,2,Parasitized,Parasitized
436,C80P41ThinF_IMG_20150817_110834_cell_146,1,Parasitized,Parasitized
437,C80P41ThinF_IMG_20150817_110957_cell_138,2,Parasitized,Parasitized
438,C80P41ThinF_IMG_20150817_111544_cell_135,2,Parasitized,Parasitized
439,C80P41ThinF_IMG_20150817_111802_cell_11,1,Parasitized,Parasitized
440,C80P41ThinF_IMG_20150817_111802_cell_12,1,Parasitized,Parasitized
441,C80P41ThinF_IMG_20150817_111802_cell_15,1,Parasitized,Parasitized
442,C80P41ThinF_IMG_20150817_111943_cell_15,2,Parasitized,Parasitized
443,C80P41ThinF_IMG_20150817_112329_cell_5,1,Parasitized,Parasitized
444,C80P41ThinF_IMG_20150817_112557_cell_16,1,Parasitized,Parasitized
445,C80P41ThinF_IMG_20150817_112557_cell_4,1,Parasitized,Parasitized
446,C81P42ThinF_IMG_20150817_115942_cell_211,1,Parasitized,Parasitized
447,C81P42ThinF_IMG_20150817_115942_cell_219,2,Parasitized,Parasitized
448,C81P42ThinF_IMG_20150817_115942_cell_221,1,Parasitized,Parasitized
449,C81P42ThinF_IMG_20150817_120351_cell_185,1,Parasitized,Parasitized
450,C81P42ThinF_IMG_20150817_120351_cell_188,2,Parasitized,Parasitized
451,C81P42ThinF_IMG_20150817_120712_cell_161,3,Parasitized,Parasitized
452,C81P42ThinF_IMG_20150817_120856_cell_199,1,Parasitized,Parasitized
453,C81P42ThinF_IMG_20150817_121113_cell_180,1,Parasitized,Parasitized
454,C81P42ThinF_IMG_20150817_121113_cell_181,3,Parasitized,Parasitized
455,C82P43ThinF_IMG_20150817_123500_cell_221,2,Parasitized,Parasitized
456,C82P43ThinF_IMG_20150817_123500_cell_231,2,Parasitized,Parasitized
457,C82P43ThinF_IMG_20150817_123500_cell_244,1,Parasitized,Parasitized
458,C82P43ThinF_IMG_20150817_123652_cell_204,1,Parasitized,Parasitized
459,C82P43ThinF_IMG_20150817_123652_cell_224,2,Parasitized,Parasitized
460,C82P43ThinF_IMG_20150817_123824_cell_191,2,Parasitized,Parasitized
461,C82P43ThinF_IMG_20150817_123824_cell_203,1,Parasitized,Parasitized
462,C82P43ThinF_IMG_20150817_123824_cell_208,1,Parasitized,Parasitized
463,C82P43ThinF_IMG_20150817_123824_cell_213,3,Parasitized,Parasitized
464,C82P43ThinF_IMG_20150817_124010_cell_186,3,Parasitized,Parasitized
465,C82P43ThinF_IMG_20150817_124010_cell_189,2,Parasitized,Parasitized
466,C82P43ThinF_IMG_20150817_124010_cell_209,1,Parasitized,Parasitized
467,C82P43ThinF_IMG_20150817_124728_cell_15,1,Parasitized,Parasitized
468,C82P43ThinF_IMG_20150817_125114_cell_10,2,Parasitized,Parasitized
469,C82P43ThinF_IMG_20150817_125326_cell_20,1,Parasitized,Parasitized
470,C82P43ThinF_IMG_20150817_125326_cell_26,1,Parasitized,Parasitized
471,C82P43ThinF_IMG_20150817_125326_cell_3,2,Parasitized,Parasitized
472,C82P43ThinF_IMG_20150817_125326_cell_6,2,Parasitized,Parasitized
473,C82P43ThinF_IMG_20150817_125326_cell_8,1,Parasitized,Parasitized
474,C83P44ThinF_IMG_20150817_133609_cell_171,1,Parasitized,Parasitized
475,C84P45ThinF_IMG_20150818_101056_cell_99,2,Parasitized,Parasitized
476,C84P45ThinF_IMG_20150818_101146_cell_90,2,Parasitized,Parasitized
477,C84P45ThinF_IMG_20150818_101146_cell_97,1,Parasitized,Parasitized
478,C84P45ThinF_IMG_20150818_101226_cell_89,1,Parasitized,Parasitized
479,C84P45ThinF_IMG_20150818_101412_cell_102,1,Parasitized,Parasitized
480,C84P45ThinF_IMG_20150818_101412_cell_106,1,Parasitized,Parasitized
481,C84P45ThinF_IMG_20150818_101412_cell_107,2,Parasitized,Parasitized
482,C84P45ThinF_IMG_20150818_101412_cell_109,1,Parasitized,Parasitized
483,C84P45ThinF_IMG_20150818_101412_cell_110,1,Parasitized,Parasitized
484,C84P45ThinF_IMG_20150818_101550_cell_108,2,Parasitized,Parasitized
485,C84P45ThinF_IMG_20150818_101550_cell_95,2,Parasitized,Parasitized
486,C84P45ThinF_IMG_20150818_102009_cell_3,1,Parasitized,Parasitized
487,C84P45ThinF_IMG_20150818_102325_cell_98,1,Parasitized,Parasitized
488,C84P45ThinF_IMG_20150818_102507_cell_92,2,Parasitized,Parasitized
489,C84P45ThinF_IMG_20150818_102654_cell_76,1,Parasitized,Parasitized
490,C84P45ThinF_IMG_20150818_102654_cell_78,1,Parasitized,Parasitized
491,C84P45ThinF_IMG_20150818_102654_cell_82,2,Parasitized,Parasitized
492,C84P45ThinF_IMG_20150818_102800_cell_16,2,Parasitized,Parasitized
493,C84P45ThinF_IMG_20150818_102800_cell_18,2,Parasitized,Parasitized
494,C84P45ThinF_IMG_20150818_104156_cell_111,1,Parasitized,Parasitized
495,C84P45ThinF_IMG_20150818_104156_cell_116,2,Parasitized,Parasitized
496,C84P45ThinF_IMG_20150818_104849_cell_22,1,Parasitized,Parasitized
497,C84P45ThinF_IMG_20150818_104849_cell_26,3,Parasitized,Parasitized
498,C84P45ThinF_IMG_20150818_104849_cell_3,4,Parasitized,Parasitized
499,C85P46ThinF_IMG_20150820_105301_cell_254,2,Parasitized,Parasitized
500,C85P46ThinF_IMG_20150820_105748_cell_257,2,Parasitized,Parasitized
501,C87P48ThinF_IMG_20150820_132514_cell_200,4,Parasitized,Parasitized
502,C87P48ThinF_IMG_20150820_141913_cell_207,4,Parasitized,Parasitized
503,C87P48ThinF_IMG_20150820_144855_cell_186,4,Parasitized,Parasitized
504,C88P49ThinF_IMG_20150820_152521_cell_219,2,Parasitized,Parasitized
505,C91P52ThinF_IMG_20150821_123116_cell_175,2,Parasitized,Parasitized
506,C91P52ThinF_IMG_20150821_124937_cell_190,1,Parasitized,Parasitized
507,C91P52ThinF_IMG_20150821_124937_cell_193,2,Parasitized,Parasitized
508,C91P52ThinF_IMG_20150821_124937_cell_196,1,Parasitized,Parasitized
509,C91P52ThinF_IMG_20150821_124937_cell_208,1,Parasitized,Parasitized
510,C91P52ThinF_IMG_20150821_125154_cell_197,1,Parasitized,Parasitized
511,C91P52ThinF_IMG_20150821_125154_cell_213,1,Parasitized,Parasitized
512,C93P54ThinF_IMG_20150821_162641_cell_217,2,Parasitized,Parasitized
513,C93P54ThinF_IMG_20150821_162641_cell_218,1,Parasitized,Parasitized
514,C93P54ThinF_IMG_20150821_162901_cell_194,1,Parasitized,Parasitized
515,C93P54ThinF_IMG_20150821_162901_cell_198,1,Parasitized,Parasitized
516,C93P54ThinF_IMG_20150821_162901_cell_202,1,Parasitized,Parasitized
517,C93P54ThinF_IMG_20150821_163815_cell_215,0,Uninfected,Parasitized
518,C93P54ThinF_IMG_20150821_163815_cell_216,1,Parasitized,Parasitized
519,C93P54ThinF_IMG_20150821_163815_cell_221,1,Parasitized,Parasitized
520,C93P54ThinF_IMG_20150821_163815_cell_222,1,Parasitized,Parasitized
521,C95P56ThinF_IMG_20150821_171242_cell_101,1,Parasitized,Parasitized
522,C95P56ThinF_IMG_20150821_171701_cell_95,1,Parasitized,Parasitized
523,C96P57ThinF_IMG_20150824_111748_cell_218,1,Parasitized,Parasitized
524,C97P58ThinF_IMG_20150917_145555_cell_181,1,Parasitized,Parasitized
525,C97P58ThinF_IMG_20150917_150838_cell_150,2,Parasitized,Parasitized
526,C97P58ThinF_IMG_20150917_150838_cell_154,1,Parasitized,Parasitized
527,C97P58ThinF_IMG_20150917_150838_cell_160,1,Parasitized,Parasitized
528,C97P58ThinF_IMG_20150917_150838_cell_165,2,Parasitized,Parasitized
529,C97P58ThinF_IMG_20150917_151320_cell_152,1,Parasitized,Parasitized
530,C97P58ThinF_IMG_20150917_151320_cell_159,1,Parasitized,Parasitized
531,C97P58ThinF_IMG_20150917_151512_cell_160,3,Parasitized,Parasitized
532,C97P58ThinF_IMG_20150917_151512_cell_167,1,Parasitized,Parasitized
533,C97P58ThinF_IMG_20150917_151551_cell_171,1,Parasitized,Parasitized
534,C97P58ThinF_IMG_20150917_151903_cell_10,1,Parasitized,Parasitized
535,C97P58ThinF_IMG_20150917_151903_cell_15,1,Parasitized,Parasitized
536,C97P58ThinF_IMG_20150917_151903_cell_17,0,Uninfected,Parasitized
537,C97P58ThinF_IMG_20150917_151903_cell_27,1,Parasitized,Parasitized
538,C97P58ThinF_IMG_20150917_151903_cell_8,2,Parasitized,Parasitized
539,C97P58ThinF_IMG_20150917_152032_cell_162,1,Parasitized,Parasitized
540,C97P58ThinF_IMG_20150917_152032_cell_167,0,Uninfected,Parasitized
541,C97P58ThinF_IMG_20150917_152032_cell_174,1,Parasitized,Parasitized
542,C97P58ThinF_IMG_20150917_152032_cell_176,2,Parasitized,Parasitized
543,C97P58ThinF_IMG_20150917_152032_cell_179,1,Parasitized,Parasitized
544,C97P58ThinF_IMG_20150917_152225_cell_10,2,Parasitized,Parasitized
545,C97P58ThinF_IMG_20150917_152225_cell_28,1,Parasitized,Parasitized
546,C97P58ThinF_IMG_20150917_152437_cell_5,1,Parasitized,Parasitized
547,C98P59ThinF_IMG_20150917_153030_cell_158,1,Parasitized,Parasitized
548,C98P59ThinF_IMG_20150917_154452_cell_202,1,Parasitized,Parasitized
549,C99P60ThinF_IMG_20150918_140900_cell_107,2,Parasitized,Parasitized
550,C99P60ThinF_IMG_20150918_140900_cell_109,1,Parasitized,Parasitized
551,C99P60ThinF_IMG_20150918_140900_cell_111,3,Parasitized,Parasitized
552,C99P60ThinF_IMG_20150918_140900_cell_124,6,Parasitized,Parasitized
553,C99P60ThinF_IMG_20150918_141001_cell_100,1,Parasitized,Parasitized
554,C99P60ThinF_IMG_20150918_141001_cell_108,2,Parasitized,Parasitized
555,C99P60ThinF_IMG_20150918_141001_cell_116,1,Parasitized,Parasitized
556,C99P60ThinF_IMG_20150918_141001_cell_136,2,Parasitized,Parasitized
557,C99P60ThinF_IMG_20150918_141001_cell_141,1,Parasitized,Parasitized
558,C99P60ThinF_IMG_20150918_141001_cell_162,2,Parasitized,Parasitized
559,C99P60ThinF_IMG_20150918_141001_cell_95,1,Parasitized,Parasitized
560,C99P60ThinF_IMG_20150918_141129_cell_127,1,Parasitized,Parasitized
561,C99P60ThinF_IMG_20150918_141129_cell_135,2,Parasitized,Parasitized
562,C99P60ThinF_IMG_20150918_141129_cell_148,2,Parasitized,Parasitized
563,C99P60ThinF_IMG_20150918_141129_cell_95,1,Parasitized,Parasitized
564,C99P60ThinF_IMG_20150918_141314_cell_106,2,Parasitized,Parasitized
565,C99P60ThinF_IMG_20150918_141314_cell_109,1,Parasitized,Parasitized
566,C99P60ThinF_IMG_20150918_141314_cell_132,1,Parasitized,Parasitized
567,C99P60ThinF_IMG_20150918_141314_cell_139,1,Parasitized,Parasitized
568,C99P60ThinF_IMG_20150918_141351_cell_116,2,Parasitized,Parasitized
569,C99P60ThinF_IMG_20150918_141351_cell_122,2,Parasitized,Parasitized
570,C99P60ThinF_IMG_20150918_141351_cell_135,2,Parasitized,Parasitized
571,C99P60ThinF_IMG_20150918_141351_cell_95,1,Parasitized,Parasitized
572,C99P60ThinF_IMG_20150918_141520_cell_104,0,Uninfected,Parasitized
573,C99P60ThinF_IMG_20150918_141520_cell_116,1,Parasitized,Parasitized
574,C99P60ThinF_IMG_20150918_141520_cell_117,2,Parasitized,Parasitized
575,C99P60ThinF_IMG_20150918_141520_cell_122,1,Parasitized,Parasitized
576,C99P60ThinF_IMG_20150918_141520_cell_127,1,Parasitized,Parasitized
577,C99P60ThinF_IMG_20150918_141520_cell_131,1,Parasitized,Parasitized
578,C99P60ThinF_IMG_20150918_141520_cell_140,0,Uninfected,Parasitized
579,C99P60ThinF_IMG_20150918_141520_cell_89,3,Parasitized,Parasitized
580,C99P60ThinF_IMG_20150918_141520_cell_94,2,Parasitized,Parasitized
581,C99P60ThinF_IMG_20150918_141620_cell_10,3,Parasitized,Parasitized
582,C99P60ThinF_IMG_20150918_141620_cell_22,2,Parasitized,Parasitized
583,C99P60ThinF_IMG_20150918_141620_cell_24,2,Parasitized,Parasitized
584,C99P60ThinF_IMG_20150918_141620_cell_43,3,Parasitized,Parasitized
585,C99P60ThinF_IMG_20150918_141620_cell_53,4,Parasitized,Parasitized
586,C99P60ThinF_IMG_20150918_141620_cell_6,1,Parasitized,Parasitized
587,C99P60ThinF_IMG_20150918_141857_cell_15,1,Parasitized,Parasitized
588,C99P60ThinF_IMG_20150918_141857_cell_32,2,Parasitized,Parasitized
589,C99P60ThinF_IMG_20150918_141857_cell_35,1,Parasitized,Parasitized
590,C99P60ThinF_IMG_20150918_141857_cell_4,3,Parasitized,Parasitized
591,C99P60ThinF_IMG_20150918_141857_cell_45,1,Parasitized,Parasitized
592,C99P60ThinF_IMG_20150918_141857_cell_51,1,Parasitized,Parasitized
593,C99P60ThinF_IMG_20150918_142128_cell_100,2,Parasitized,Parasitized
594,C99P60ThinF_IMG_20150918_142128_cell_109,2,Parasitized,Parasitized
595,C99P60ThinF_IMG_20150918_142128_cell_81,0,Uninfected,Parasitized
596,C99P60ThinF_IMG_20150918_142334_cell_30,2,Parasitized,Parasitized
597,C99P60ThinF_IMG_20150918_142334_cell_32,1,Parasitized,Parasitized
598,C99P60ThinF_IMG_20150918_142334_cell_37,1,Parasitized,Parasitized
599,C99P60ThinF_IMG_20150918_142334_cell_44,2,Parasitized,Parasitized
600,C100P61ThinF_IMG_20150918_144104_cell_131,0,Uninfected,Uninfected
601,C100P61ThinF_IMG_20150918_144823_cell_71,0,Uninfected,Uninfected
602,C100P61ThinF_IMG_20150918_145422_cell_37,0,Uninfected,Uninfected
603,C100P61ThinF_IMG_20150918_145609_cell_99,0,Uninfected,Uninfected
604,C100P61ThinF_IMG_20150918_145938_cell_72,0,Uninfected,Uninfected
605,C100P61ThinF_IMG_20150918_145938_cell_75,0,Uninfected,Uninfected
606,C100P61ThinF_IMG_20150918_150041_cell_76,0,Uninfected,Uninfected
607,C101P62ThinF_IMG_20150918_151149_cell_29,0,Uninfected,Uninfected
608,C101P62ThinF_IMG_20150918_151507_cell_40,0,Uninfected,Uninfected
609,C101P62ThinF_IMG_20150918_151942_cell_18,0,Uninfected,Uninfected
610,C101P62ThinF_IMG_20150918_151942_cell_4,0,Uninfected,Uninfected
611,C101P62ThinF_IMG_20150923_170246_cell_1,0,Uninfected,Uninfected
612,C101P62ThinF_IMG_20150923_170344_cell_70,0,Uninfected,Uninfected
613,C103P64ThinF_IMG_20150918_164331_cell_119,0,Uninfected,Uninfected
614,C103P64ThinF_IMG_20150918_164331_cell_3,0,Uninfected,Uninfected
615,C103P64ThinF_IMG_20150918_164331_cell_72,0,Uninfected,Uninfected
616,C103P64ThinF_IMG_20150918_164553_cell_160,0,Uninfected,Uninfected
617,C103P64ThinF_IMG_20150918_165016_cell_84,0,Uninfected,Uninfected
618,C104P65ThinF_IMG_20150918_171154_cell_163,0,Uninfected,Uninfected
619,C104P65ThinF_IMG_20150918_171751_cell_106,0,Uninfected,Uninfected
620,C104P65ThinF_IMG_20150918_172214_cell_134,0,Uninfected,Uninfected
621,C104P65ThinF_IMG_20150918_172247_cell_126,0,Uninfected,Uninfected
622,C104P65ThinF_IMG_20150918_172639_cell_95,0,Uninfected,Uninfected
623,C105P66ThinF_IMG_20150924_094800_cell_62,0,Uninfected,Uninfected
624,C105P66ThinF_IMG_20150924_094944_cell_97,0,Uninfected,Uninfected
625,C105P66ThinF_IMG_20150924_095034_cell_75,0,Uninfected,Uninfected
626,C105P66ThinF_IMG_20150924_095716_cell_3,0,Uninfected,Uninfected
627,C105P66ThinF_IMG_20150924_095913_cell_88,0,Uninfected,Uninfected
628,C106P67ThinF_IMG_20150924_102245_cell_149,0,Uninfected,Uninfected
629,C106P67ThinF_IMG_20150924_102245_cell_76,0,Uninfected,Uninfected
630,C106P67ThinF_IMG_20150924_102413_cell_129,0,Uninfected,Uninfected
631,C106P67ThinF_IMG_20150924_102413_cell_175,0,Uninfected,Uninfected
632,C106P67ThinF_IMG_20150924_102826_cell_76,0,Uninfected,Uninfected
633,C106P67ThinF_IMG_20150924_103245_cell_109,0,Uninfected,Uninfected
634,C106P67ThinF_IMG_20150924_103245_cell_26,0,Uninfected,Uninfected
635,C106P67ThinF_IMG_20150924_103245_cell_96,0,Uninfected,Uninfected
636,C106P67ThinF_IMG_20150924_103636_cell_65,0,Uninfected,Uninfected
637,C106P67ThinF_IMG_20150924_103811_cell_56,0,Uninfected,Uninfected
638,C106P67ThinF_IMG_20150924_103811_cell_9,0,Uninfected,Uninfected
639,C107P68ThinF_IMG_20150924_221632_cell_35,0,Uninfected,Uninfected
640,C107P68ThinF_IMG_20150924_221909_cell_134,0,Uninfected,Uninfected
641,C107P68ThinF_IMG_20150924_221909_cell_69,0,Uninfected,Uninfected
642,C107P68ThinF_IMG_20150924_222233_cell_66,0,Uninfected,Uninfected
643,C107P68ThinF_IMG_20150924_222233_cell_89,0,Uninfected,Uninfected
644,C107P68ThinF_IMG_20150924_222415_cell_63,0,Uninfected,Uninfected
645,C107P68ThinF_IMG_20150924_222535_cell_13,0,Uninfected,Uninfected
646,C108P69ThinF_IMG_20150924_223834_cell_71,0,Uninfected,Uninfected
647,C108P69ThinF_IMG_20150924_224038_cell_186,0,Uninfected,Uninfected
648,C108P69ThinF_IMG_20150924_224038_cell_36,0,Uninfected,Uninfected
649,C108P69ThinF_IMG_20150924_224038_cell_85,0,Uninfected,Uninfected
650,C108P69ThinF_IMG_20150924_224616_cell_54,0,Uninfected,Uninfected
651,C108P69ThinF_IMG_20150924_225004_cell_45,0,Uninfected,Uninfected
652,C109P70ThinF_IMG_20150930_102716_cell_30,0,Uninfected,Uninfected
653,C109P70ThinF_IMG_20150930_102812_cell_136,0,Uninfected,Uninfected
654,C109P70ThinF_IMG_20150930_102944_cell_33,0,Uninfected,Uninfected
655,C109P70ThinF_IMG_20150930_103645_cell_76,0,Uninfected,Uninfected
656,C109P70ThinF_IMG_20150930_103811_cell_31,0,Uninfected,Uninfected
657,C110P71ThinF_IMG_20150930_105319_cell_103,0,Uninfected,Uninfected
658,C110P71ThinF_IMG_20150930_105319_cell_145,0,Uninfected,Uninfected
659,C110P71ThinF_IMG_20150930_105559_cell_45,0,Uninfected,Uninfected
660,C110P71ThinF_IMG_20150930_105729_cell_132,0,Uninfected,Uninfected
661,C110P71ThinF_IMG_20150930_105729_cell_33,0,Uninfected,Uninfected
662,C110P71ThinF_IMG_20150930_105925_cell_111,0,Uninfected,Uninfected
663,C110P71ThinF_IMG_20150930_110052_cell_166,0,Uninfected,Uninfected
664,C110P71ThinF_IMG_20150930_110052_cell_196,0,Uninfected,Uninfected
665,C110P71ThinF_IMG_20150930_110052_cell_20,0,Uninfected,Uninfected
666,C110P71ThinF_IMG_20150930_110052_cell_83,0,Uninfected,Uninfected
667,C110P71ThinF_IMG_20150930_110404_cell_126,0,Uninfected,Uninfected
668,C110P71ThinF_IMG_20150930_110404_cell_43,0,Uninfected,Uninfected
669,C111P72ThinF_IMG_20150930_112609_cell_103,0,Uninfected,Uninfected
670,C111P72ThinF_IMG_20150930_112827_cell_117,0,Uninfected,Uninfected
671,C111P72ThinF_IMG_20150930_112827_cell_144,0,Uninfected,Uninfected
672,C111P72ThinF_IMG_20150930_113049_cell_66,0,Uninfected,Uninfected
673,C111P72ThinF_IMG_20150930_113210_cell_45,0,Uninfected,Uninfected
674,C111P72ThinF_IMG_20150930_113610_cell_169,0,Uninfected,Uninfected
675,C111P72ThinF_IMG_20150930_113610_cell_99,0,Uninfected,Uninfected
676,C112P73ThinF_IMG_20150930_131401_cell_162,0,Uninfected,Uninfected
677,C112P73ThinF_IMG_20150930_131659_cell_143,0,Uninfected,Uninfected
678,C112P73ThinF_IMG_20150930_131659_cell_54,0,Uninfected,Uninfected
679,C112P73ThinF_IMG_20150930_131753_cell_104,0,Uninfected,Uninfected
680,C112P73ThinF_IMG_20150930_131900_cell_159,0,Uninfected,Uninfected
681,C112P73ThinF_IMG_20150930_131900_cell_167,0,Uninfected,Uninfected
682,C112P73ThinF_IMG_20150930_131900_cell_62,0,Uninfected,Uninfected
683,C113P74ThinF_IMG_20150930_134751_cell_164,0,Uninfected,Uninfected
684,C113P74ThinF_IMG_20150930_134949_cell_60,0,Uninfected,Uninfected
685,C113P74ThinF_IMG_20150930_135904_cell_18,0,Uninfected,Uninfected
686,C113P74ThinF_IMG_20150930_135904_cell_60,0,Uninfected,Uninfected
687,C113P74ThinF_IMG_20150930_140646_cell_122,0,Uninfected,Uninfected
688,C113P74ThinF_IMG_20150930_140646_cell_31,0,Uninfected,Uninfected
689,C114P75ThinF_IMG_20150930_150013_cell_107,0,Uninfected,Uninfected
690,C114P75ThinF_IMG_20150930_150057_cell_113,0,Uninfected,Uninfected
691,C114P75ThinF_IMG_20150930_150555_cell_32,0,Uninfected,Uninfected
692,C114P75ThinF_IMG_20150930_150733_cell_116,0,Uninfected,Uninfected
693,C114P75ThinF_IMG_20150930_150733_cell_120,0,Uninfected,Uninfected
694,C114P75ThinF_IMG_20150930_151150_cell_19,0,Uninfected,Uninfected
695,C115P76ThinF_IMG_20150930_162038_cell_183,0,Uninfected,Uninfected
696,C115P76ThinF_IMG_20150930_162038_cell_36,0,Uninfected,Uninfected
697,C115P76ThinF_IMG_20150930_162315_cell_167,0,Uninfected,Uninfected
698,C115P76ThinF_IMG_20150930_163018_cell_123,0,Uninfected,Uninfected
699,C115P76ThinF_IMG_20150930_163156_cell_229,0,Uninfected,Uninfected
700,C115P76ThinF_IMG_20150930_163156_cell_25,0,Uninfected,Uninfected
701,C117P78ThinF_IMG_20150930_214317_cell_87,0,Uninfected,Uninfected
702,C117P78ThinF_IMG_20150930_214511_cell_48,0,Uninfected,Uninfected
703,C117P78ThinF_IMG_20150930_214511_cell_6,0,Uninfected,Uninfected
704,C117P78ThinF_IMG_20150930_214511_cell_62,0,Uninfected,Uninfected
705,C117P78ThinF_IMG_20150930_214941_cell_16,0,Uninfected,Uninfected
706,C118P79ThinF_IMG_20151002_104831_cell_28,0,Uninfected,Uninfected
707,C118P79ThinF_IMG_20151002_105018_cell_109,0,Uninfected,Uninfected
708,C118P79ThinF_IMG_20151002_105125_cell_104,0,Uninfected,Uninfected
709,C118P79ThinF_IMG_20151002_105346_cell_141,0,Uninfected,Uninfected
710,C118P79ThinF_IMG_20151002_105735_cell_10,0,Uninfected,Uninfected
711,C118P79ThinF_IMG_20151002_105827_cell_69,0,Uninfected,Uninfected
712,C119P80ThinF_IMG_20151002_122720_cell_132,0,Uninfected,Uninfected
713,C119P80ThinF_IMG_20151002_122720_cell_147,0,Uninfected,Uninfected
714,C119P80ThinF_IMG_20151002_123043_cell_90,0,Uninfected,Uninfected
715,C119P80ThinF_IMG_20151002_124304_cell_131,0,Uninfected,Uninfected
716,C120P81ThinF_IMG_20151002_125443_cell_5,0,Uninfected,Uninfected
717,C120P81ThinF_IMG_20151002_125443_cell_55,0,Uninfected,Uninfected
718,C120P81ThinF_IMG_20151002_125443_cell_80,0,Uninfected,Uninfected
719,C120P81ThinF_IMG_20151002_130150_cell_147,0,Uninfected,Uninfected
720,C120P81ThinF_IMG_20151002_130407_cell_98,0,Uninfected,Uninfected
721,C120P81ThinF_IMG_20151002_130715_cell_139,0,Uninfected,Uninfected
722,C120P81ThinF_IMG_20151002_130918_cell_44,0,Uninfected,Uninfected
723,C120P81ThinF_IMG_20151002_130918_cell_45,0,Uninfected,Uninfected
724,C120P81ThinF_IMG_20151002_130918_cell_73,0,Uninfected,Uninfected
725,C120P81ThinF_IMG_20151002_131120_cell_132,0,Uninfected,Uninfected
726,C120P81ThinF_IMG_20151002_131120_cell_58,0,Uninfected,Uninfected
727,C121P82ThinF_IMG_20151002_133001_cell_33,0,Uninfected,Uninfected
728,C121P82ThinF_IMG_20151002_133001_cell_51,0,Uninfected,Uninfected
729,C121P82ThinF_IMG_20151002_133540_cell_21,0,Uninfected,Uninfected
730,C121P82ThinF_IMG_20151002_133540_cell_35,0,Uninfected,Uninfected
731,C122P83ThinF_IMG_20151002_144610_cell_42,0,Uninfected,Uninfected
732,C122P83ThinF_IMG_20151002_145014_cell_33,0,Uninfected,Uninfected
733,C122P83ThinF_IMG_20151002_145330_cell_136,0,Uninfected,Uninfected
734,C122P83ThinF_IMG_20151002_145751_cell_125,0,Uninfected,Uninfected
735,C122P83ThinF_IMG_20151002_145751_cell_23,0,Uninfected,Uninfected
736,C122P83ThinF_IMG_20151002_145751_cell_81,0,Uninfected,Uninfected
737,C122P83ThinF_IMG_20151002_145918_cell_6,0,Uninfected,Uninfected
738,C122P83ThinF_IMG_20151002_145918_cell_95,0,Uninfected,Uninfected
739,C122P83ThinF_IMG_20151002_150207_cell_114,0,Uninfected,Uninfected
740,C123P84ThinF_IMG_20151002_150931_cell_162,0,Uninfected,Uninfected
741,C123P84ThinF_IMG_20151002_151143_cell_22,0,Uninfected,Uninfected
742,C123P84ThinF_IMG_20151002_151432_cell_146,0,Uninfected,Uninfected
743,C123P84ThinF_IMG_20151002_151851_cell_130,0,Uninfected,Uninfected
744,C124P85ThinF_IMG_20151002_154808_cell_115,0,Uninfected,Uninfected
745,C124P85ThinF_IMG_20151002_154808_cell_92,0,Uninfected,Uninfected
746,C124P85ThinF_IMG_20151002_154846_cell_139,0,Uninfected,Uninfected
747,C124P85ThinF_IMG_20151002_154846_cell_58,0,Uninfected,Uninfected
748,C124P85ThinF_IMG_20151002_155026_cell_57,0,Uninfected,Uninfected
749,C124P85ThinF_IMG_20151002_155223_cell_27,0,Uninfected,Uninfected
750,C125P86ThinF_IMG_20151004_102053_cell_34,0,Uninfected,Uninfected
751,C125P86ThinF_IMG_20151004_102132_cell_74,0,Uninfected,Uninfected
752,C125P86ThinF_IMG_20151004_102619_cell_127,0,Uninfected,Uninfected
753,C126P87ThinF_IMG_20151004_104623_cell_1,0,Uninfected,Uninfected
754,C126P87ThinF_IMG_20151004_104813_cell_108,1,Parasitized,Uninfected
755,C126P87ThinF_IMG_20151004_105100_cell_111,0,Uninfected,Uninfected
756,C126P87ThinF_IMG_20151004_105234_cell_102,1,Parasitized,Uninfected
757,C126P87ThinF_IMG_20151004_105844_cell_75,1,Parasitized,Uninfected
758,C127P88ThinF_IMG_20151004_111220_cell_54,0,Uninfected,Uninfected
759,C127P88ThinF_IMG_20151004_111526_cell_34,0,Uninfected,Uninfected
760,C127P88ThinF_IMG_20151004_111526_cell_82,0,Uninfected,Uninfected
761,C127P88ThinF_IMG_20151004_111651_cell_68,0,Uninfected,Uninfected
762,C127P88ThinF_IMG_20151004_111651_cell_99,0,Uninfected,Uninfected
763,C127P88ThinF_IMG_20151004_111755_cell_77,0,Uninfected,Uninfected
764,C127P88ThinF_IMG_20151004_112301_cell_49,0,Uninfected,Uninfected
765,C127P88ThinF_IMG_20151004_112301_cell_52,0,Uninfected,Uninfected
766,C127P88ThinF_IMG_20151004_112301_cell_67,0,Uninfected,Uninfected
767,C127P88ThinF_IMG_20151004_112418_cell_73,0,Uninfected,Uninfected
768,C128P89ThinF_IMG_20151004_130549_cell_50,0,Uninfected,Uninfected
769,C128P89ThinF_IMG_20151004_131030_cell_123,0,Uninfected,Uninfected
770,C128P89ThinF_IMG_20151004_131030_cell_16,0,Uninfected,Uninfected
771,C128P89ThinF_IMG_20151004_131231_cell_75,0,Uninfected,Uninfected
772,C129P90ThinF_IMG_20151004_133538_cell_68,0,Uninfected,Uninfected
773,C129P90ThinF_IMG_20151004_133921_cell_97,0,Uninfected,Uninfected
774,C129P90ThinF_IMG_20151004_134306_cell_7,0,Uninfected,Uninfected
775,C130P91ThinF_IMG_20151004_141341_cell_19,0,Uninfected,Uninfected
776,C130P91ThinF_IMG_20151004_141504_cell_54,0,Uninfected,Uninfected
777,C130P91ThinF_IMG_20151004_141825_cell_23,0,Uninfected,Uninfected
778,C130P91ThinF_IMG_20151004_142109_cell_25,0,Uninfected,Uninfected
779,C130P91ThinF_IMG_20151004_142109_cell_31,0,Uninfected,Uninfected
780,C130P91ThinF_IMG_20151004_142951_cell_132,0,Uninfected,Uninfected
781,C131P92ThinF_IMG_20151004_145410_cell_20,0,Uninfected,Uninfected
782,C131P92ThinF_IMG_20151004_145410_cell_51,0,Uninfected,Uninfected
783,C131P92ThinF_IMG_20151004_151126_cell_57,0,Uninfected,Uninfected
784,C131P92ThinF_IMG_20151004_151126_cell_9,0,Uninfected,Uninfected
785,C132P93ThinF_IMG_20151004_151701_cell_60,0,Uninfected,Uninfected
786,C132P93ThinF_IMG_20151004_151733_cell_80,0,Uninfected,Uninfected
787,C132P93ThinF_IMG_20151004_151811_cell_14,0,Uninfected,Uninfected
788,C132P93ThinF_IMG_20151004_151811_cell_71,0,Uninfected,Uninfected
789,C132P93ThinF_IMG_20151004_152045_cell_53,0,Uninfected,Uninfected
790,C132P93ThinF_IMG_20151004_152045_cell_77,0,Uninfected,Uninfected
791,C133P94ThinF_IMG_20151004_153930_cell_29,0,Uninfected,Uninfected
792,C133P94ThinF_IMG_20151004_153930_cell_73,0,Uninfected,Uninfected
793,C133P94ThinF_IMG_20151004_154512_cell_29,0,Uninfected,Uninfected
794,C134P95ThinF_IMG_20151005_121343_cell_68,0,Uninfected,Uninfected
795,C134P95ThinF_IMG_20151005_121343_cell_79,0,Uninfected,Uninfected
796,C134P95ThinF_IMG_20151005_121425_cell_118,0,Uninfected,Uninfected
797,C134P95ThinF_IMG_20151005_121656_cell_95,0,Uninfected,Uninfected
798,C134P95ThinF_IMG_20151005_121952_cell_7,0,Uninfected,Uninfected
799,C135P96ThinF_IMG_20151005_123715_cell_128,0,Uninfected,Uninfected
800,C135P96ThinF_IMG_20151005_124031_cell_156,0,Uninfected,Uninfected
801,C135P96ThinF_IMG_20151005_124031_cell_75,0,Uninfected,Uninfected
802,C135P96ThinF_IMG_20151005_124359_cell_21,0,Uninfected,Uninfected
803,C135P96ThinF_IMG_20151005_124359_cell_91,0,Uninfected,Uninfected
804,C136P97ThinF_IMG_20151005_140538_cell_3,0,Uninfected,Uninfected
805,C136P97ThinF_IMG_20151005_140538_cell_6,0,Uninfected,Uninfected
806,C136P97ThinF_IMG_20151005_141321_cell_57,0,Uninfected,Uninfected
807,C136P97ThinF_IMG_20151005_141803_cell_66,0,Uninfected,Uninfected
808,C136P97ThinF_IMG_20151005_141803_cell_98,0,Uninfected,Uninfected
809,C137P98ThinF_IMG_20151005_160122_cell_43,0,Uninfected,Uninfected
810,C137P98ThinF_IMG_20151005_160256_cell_25,0,Uninfected,Uninfected
811,C137P98ThinF_IMG_20151005_161859_cell_21,0,Uninfected,Uninfected
812,C137P98ThinF_IMG_20151005_163218_cell_28,0,Uninfected,Uninfected
813,C137P98ThinF_IMG_20151005_163251_cell_4,0,Uninfected,Uninfected
814,C137P98ThinF_IMG_20151005_163901_cell_51,0,Uninfected,Uninfected
815,C138P99ThinF_IMG_20151005_171116_cell_59,0,Uninfected,Uninfected
816,C138P99ThinF_IMG_20151005_171332_cell_110,0,Uninfected,Uninfected
817,C138P99ThinF_IMG_20151005_171332_cell_137,0,Uninfected,Uninfected
818,C138P99ThinF_IMG_20151005_171940_cell_123,0,Uninfected,Uninfected
819,C138P99ThinF_IMG_20151005_171940_cell_26,0,Uninfected,Uninfected
820,C138P99ThinF_IMG_20151005_173453_cell_102,0,Uninfected,Uninfected
821,C138P99ThinF_IMG_20151005_173453_cell_92,0,Uninfected,Uninfected
822,C139P100ThinF_IMG_20151005_182257_cell_177,0,Uninfected,Uninfected
823,C139P100ThinF_IMG_20151005_182527_cell_93,0,Uninfected,Uninfected
824,C139P100ThinF_IMG_20151005_182822_cell_105,0,Uninfected,Uninfected
825,C139P100ThinF_IMG_20151005_182822_cell_83,0,Uninfected,Uninfected
826,C139P100ThinF_IMG_20151005_183521_cell_31,0,Uninfected,Uninfected
827,C139P100ThinF_IMG_20151005_183521_cell_39,0,Uninfected,Uninfected
828,C139P100ThinF_IMG_20151005_183521_cell_43,0,Uninfected,Uninfected
829,C139P100ThinF_IMG_20151005_183601_cell_87,0,Uninfected,Uninfected
830,C140P101ThinF_IMG_20151005_205406_cell_8,0,Uninfected,Uninfected
831,C140P101ThinF_IMG_20151005_205922_cell_97,0,Uninfected,Uninfected
832,C140P101ThinF_IMG_20151005_211530_cell_15,0,Uninfected,Uninfected
833,C140P101ThinF_IMG_20151005_211735_cell_134,0,Uninfected,Uninfected
834,C140P101ThinF_IMG_20151005_211735_cell_143,0,Uninfected,Uninfected
835,C140P101ThinF_IMG_20151005_211735_cell_32,0,Uninfected,Uninfected
836,C141P102ThinF_IMG_20151005_213930_cell_33,0,Uninfected,Uninfected
837,C141P102ThinF_IMG_20151005_214208_cell_84,0,Uninfected,Uninfected
838,C141P102ThinF_IMG_20151005_214208_cell_91,1,Parasitized,Uninfected
839,C141P102ThinF_IMG_20151005_214338_cell_23,0,Uninfected,Uninfected
840,C141P102ThinF_IMG_20151005_214615_cell_134,0,Uninfected,Uninfected
841,C141P102ThinF_IMG_20151005_214615_cell_135,0,Uninfected,Uninfected
842,C141P102ThinF_IMG_20151005_215348_cell_126,1,Parasitized,Uninfected
843,C141P102ThinF_IMG_20151005_215348_cell_127,0,Uninfected,Uninfected
844,C141P102ThinF_IMG_20151005_215348_cell_64,0,Uninfected,Uninfected
845,C141P102ThinF_IMG_20151005_215711_cell_112,0,Uninfected,Uninfected
846,C141P102ThinF_IMG_20151005_215711_cell_47,0,Uninfected,Uninfected
847,C141P102ThinF_IMG_20151005_215906_cell_29,0,Uninfected,Uninfected
848,C142P103ThinF_IMG_20151005_221115_cell_11,0,Uninfected,Uninfected
849,C142P103ThinF_IMG_20151005_221115_cell_23,0,Uninfected,Uninfected
850,C142P103ThinF_IMG_20151005_222255_cell_64,0,Uninfected,Uninfected
851,C142P103ThinF_IMG_20151005_222255_cell_69,0,Uninfected,Uninfected
852,C142P103ThinF_IMG_20151005_222440_cell_6,0,Uninfected,Uninfected
853,C142P103ThinF_IMG_20151005_222440_cell_61,0,Uninfected,Uninfected
854,C142P103ThinF_IMG_20151005_223257_cell_174,0,Uninfected,Uninfected
855,C142P103ThinF_IMG_20151005_223257_cell_80,0,Uninfected,Uninfected
856,C143P104ThinF_IMG_20151005_225454_cell_100,0,Uninfected,Uninfected
857,C143P104ThinF_IMG_20151005_225454_cell_46,0,Uninfected,Uninfected
858,C143P104ThinF_IMG_20151005_225528_cell_144,0,Uninfected,Uninfected
859,C143P104ThinF_IMG_20151005_225623_cell_146,0,Uninfected,Uninfected
860,C143P104ThinF_IMG_20151005_225623_cell_15,0,Uninfected,Uninfected
861,C143P104ThinF_IMG_20151005_230100_cell_24,0,Uninfected,Uninfected
862,C143P104ThinF_IMG_20151005_230100_cell_88,0,Uninfected,Uninfected
863,C1_thinF_IMG_20150604_104722_cell_81,0,Uninfected,Uninfected
864,C1_thinF_IMG_20150604_104919_cell_173,0,Uninfected,Uninfected
865,C1_thinF_IMG_20150604_104919_cell_82,0,Uninfected,Uninfected
866,C1_thinF_IMG_20150604_104942_cell_11,0,Uninfected,Uninfected
867,C1_thinF_IMG_20150604_105100_cell_232,0,Uninfected,Uninfected
868,C1_thinF_IMG_20150604_105100_cell_43,0,Uninfected,Uninfected
869,C2NThinF_IMG_20150604_114631_cell_99,0,Uninfected,Uninfected
870,C2NThinF_IMG_20150604_114815_cell_217,0,Uninfected,Uninfected
871,C2NThinF_IMG_20150604_114815_cell_73,0,Uninfected,Uninfected
872,C2NThinF_IMG_20150604_115238_cell_247,0,Uninfected,Uninfected
873,C2NThinF_IMG_20150604_115238_cell_259,0,Uninfected,Uninfected
874,C33P1thinF_IMG_20150619_114756a_cell_36,0,Uninfected,Uninfected
875,C33P1thinF_IMG_20150619_115808a_cell_55,0,Uninfected,Uninfected
876,C33P1thinF_IMG_20150619_120742a_cell_155,0,Uninfected,Uninfected
877,C33P1thinF_IMG_20150619_120742a_cell_182,0,Uninfected,Uninfected
878,C33P1thinF_IMG_20150619_120838a_cell_94,0,Uninfected,Uninfected
879,C33P1thinF_IMG_20150619_121102a_cell_159,0,Uninfected,Uninfected
880,C33P1thinF_IMG_20150619_121102a_cell_60,0,Uninfected,Uninfected
881,C33P1thinF_IMG_20150619_121102a_cell_62,0,Uninfected,Uninfected
882,C33P1thinF_IMG_20150619_121411a_cell_43,0,Uninfected,Uninfected
883,C39P4thinF_original_IMG_20150622_105253_cell_69,3,Parasitized,Uninfected
884,C39P4thinF_original_IMG_20150622_105253_cell_76,0,Uninfected,Uninfected
885,C39P4thinF_original_IMG_20150622_105803_cell_64,0,Uninfected,Uninfected
886,C39P4thinF_original_IMG_20150622_110352_cell_3,0,Uninfected,Uninfected
887,C39P4thinF_original_IMG_20150622_110352_cell_47,0,Uninfected,Uninfected
888,C39P4thinF_original_IMG_20150622_111206_cell_41,0,Uninfected,Uninfected
889,C39P4thinF_original_IMG_20150622_111206_cell_60,0,Uninfected,Uninfected
890,C3thin_original_IMG_20150608_163002_cell_195,2,Parasitized,Uninfected
891,C3thin_original_IMG_20150608_163002_cell_81,0,Uninfected,Uninfected
892,C3thin_original_IMG_20150608_163047_cell_161,0,Uninfected,Uninfected
893,C3thin_original_IMG_20150608_163047_cell_212,2,Parasitized,Uninfected
894,C42P5thin_original_IMG_20150623_134426_cell_95,0,Uninfected,Uninfected
895,C42P5thin_original_IMG_20150623_134547_cell_180,0,Uninfected,Uninfected
896,C42P5thin_original_IMG_20150623_134547_cell_237,0,Uninfected,Uninfected
897,C42P5thin_original_IMG_20150623_134751_cell_75,0,Uninfected,Uninfected
898,C42P5thin_original_IMG_20150623_134919_cell_166,0,Uninfected,Uninfected
899,C42P5thin_original_IMG_20150623_134919_cell_25,0,Uninfected,Uninfected
900,C42P5thin_original_IMG_20150623_135251_cell_97,0,Uninfected,Uninfected
901,C47P8thinOriginalOlympusCX21_IMG_20150717_172748_cell_105,0,Uninfected,Uninfected
902,C47P8thinOriginalOlympusCX21_IMG_20150717_172748_cell_25,0,Uninfected,Uninfected
903,C47P8thinOriginalOlympusCX21_IMG_20150717_173515_cell_116,0,Uninfected,Uninfected
904,C47P8thinOriginalOlympusCX21_IMG_20150717_173554_cell_143,0,Uninfected,Uninfected
905,C47P8thinOriginalOlympusCX21_IMG_20150717_174750_cell_1,0,Uninfected,Uninfected
906,C47P8thinOriginalOlympusCX21_IMG_20150717_174750_cell_14,0,Uninfected,Uninfected
907,C47P8thinOriginalOlympusCX21_IMG_20150717_174750_cell_70,0,Uninfected,Uninfected
908,C47P8thinOriginalOlympusCX21_IMG_20150717_174844_cell_34,0,Uninfected,Uninfected
909,C48P9thinF_IMG_20150721_160406_cell_31,0,Uninfected,Uninfected
910,C48P9thinF_IMG_20150721_160406_cell_35,0,Uninfected,Uninfected
911,C48P9thinF_IMG_20150721_160406_cell_72,0,Uninfected,Uninfected
912,C48P9thinF_IMG_20150721_161055_cell_13,0,Uninfected,Uninfected
913,C48P9thinF_IMG_20150721_161412_cell_36,0,Uninfected,Uninfected
914,C49P10thinF_IMG_20150724_102330_cell_181,0,Uninfected,Uninfected
915,C49P10thinF_IMG_20150724_102330_cell_193,0,Uninfected,Uninfected
916,C49P10thinF_IMG_20150724_102843_cell_13,0,Uninfected,Uninfected
917,C49P10thinF_IMG_20150724_102843_cell_135,0,Uninfected,Uninfected
918,C49P10thinF_IMG_20150724_102843_cell_80,0,Uninfected,Uninfected
919,C49P10thinF_IMG_20150724_103054_cell_33,0,Uninfected,Uninfected
920,C49P10thinF_IMG_20150724_103233_cell_147,0,Uninfected,Uninfected
921,C49P10thinF_IMG_20150724_103233_cell_184,0,Uninfected,Uninfected
922,C4thin_original_IMG_20150608_165620_cell_130,0,Uninfected,Uninfected
923,C4thin_original_IMG_20150608_165620_cell_161,0,Uninfected,Uninfected
924,C4thin_original_IMG_20150608_165620_cell_194,0,Uninfected,Uninfected
925,C4thin_original_IMG_20150608_165620_cell_39,0,Uninfected,Uninfected
926,C4thin_original_IMG_20150608_165908_cell_164,0,Uninfected,Uninfected
927,C4thin_original_IMG_20150608_165908_cell_70,0,Uninfected,Uninfected
928,C4thin_original_IMG_20150608_170016_cell_11,0,Uninfected,Uninfected
929,C4thin_original_IMG_20150608_170016_cell_77,0,Uninfected,Uninfected
930,C4thin_original_IMG_20150608_170038_cell_112,0,Uninfected,Uninfected
931,C50P11thinF_IMG_20150724_114951_cell_73,0,Uninfected,Uninfected
932,C50P11thinF_IMG_20150724_115141_cell_14,0,Uninfected,Uninfected
933,C50P11thinF_IMG_20150724_115141_cell_27,0,Uninfected,Uninfected
934,C50P11thinF_IMG_20150724_115603_cell_19,0,Uninfected,Uninfected
935,C50P11thinF_IMG_20150724_115749_cell_96,0,Uninfected,Uninfected
936,C50P11thinF_IMG_20150724_120553_cell_23,0,Uninfected,Uninfected
937,C51AP12thinF_IMG_20150724_154243_cell_102,0,Uninfected,Uninfected
938,C51AP12thinF_IMG_20150724_154243_cell_32,0,Uninfected,Uninfected
939,C51AP12thinF_IMG_20150724_154243_cell_9,0,Uninfected,Uninfected
940,C51AP12thinF_IMG_20150724_162636_cell_4,0,Uninfected,Uninfected
941,C52P13thinF_IMG_20150725_123938_cell_136,0,Uninfected,Uninfected
942,C52P13thinF_IMG_20150725_124606_cell_100,0,Uninfected,Uninfected
943,C52P13thinF_IMG_20150725_124606_cell_110,0,Uninfected,Uninfected
944,C52P13thinF_IMG_20150725_124606_cell_139,0,Uninfected,Uninfected
945,C52P13thinF_IMG_20150725_124606_cell_74,0,Uninfected,Uninfected
946,C52P13thinF_IMG_20150725_125847_cell_165,0,Uninfected,Uninfected
947,C53P14thinF_IMG_20150726_114439_cell_99,0,Uninfected,Uninfected
948,C53P14thinF_IMG_20150726_114606_cell_134,0,Uninfected,Uninfected
949,C53P14thinF_IMG_20150726_114918_cell_47,0,Uninfected,Uninfected
950,C53P14thinF_IMG_20150726_115046_cell_1,0,Uninfected,Uninfected
951,C53P14thinF_IMG_20150726_115046_cell_40,0,Uninfected,Uninfected
952,C53P14thinF_IMG_20150726_115457_cell_16,0,Uninfected,Uninfected
953,C54P15thinF_IMG_20150728_102017_cell_72,0,Uninfected,Uninfected
954,C54P15thinF_IMG_20150728_105949_cell_14,0,Uninfected,Uninfected
955,C54P15thinF_IMG_20150728_105949_cell_166,0,Uninfected,Uninfected
956,C54P15thinF_IMG_20150728_112832_cell_171,0,Uninfected,Uninfected
957,C54P15thinF_IMG_20150728_112938_cell_63,1,Parasitized,Uninfected
958,C54P15thinF_IMG_20150728_113006_cell_117,0,Uninfected,Uninfected
959,C54P15thinF_IMG_20150728_113006_cell_176,0,Uninfected,Uninfected
960,C54P15thinF_IMG_20150728_113006_cell_55,0,Uninfected,Uninfected
961,C55P16thinF_IMG_20150728_123237_cell_78,1,Parasitized,Uninfected
962,C55P16thinF_IMG_20150728_124508_cell_103,0,Uninfected,Uninfected
963,C55P16thinF_IMG_20150728_124508_cell_139,0,Uninfected,Uninfected
964,C56P17thinF_IMG_20150728_153328_cell_36,0,Uninfected,Uninfected
965,C56P17thinF_IMG_20150728_155921_cell_5,0,Uninfected,Uninfected
966,C56P17thinF_IMG_20150728_160537_cell_149,0,Uninfected,Uninfected
967,C56P17thinF_IMG_20150728_160537_cell_59,0,Uninfected,Uninfected
968,C57P18thinF_IMG_20150729_104027_cell_78,0,Uninfected,Uninfected
969,C57P18thinF_IMG_20150729_110134_cell_122,0,Uninfected,Uninfected
970,C57P18thinF_IMG_20150729_110305_cell_155,0,Uninfected,Uninfected
971,C57P18thinF_IMG_20150729_110457_cell_54,0,Uninfected,Uninfected
972,C57P18thinF_IMG_20150729_111518_cell_115,0,Uninfected,Uninfected
973,C58P19thinF_IMG_20150802_121847_cell_103,0,Uninfected,Uninfected
974,C58P19thinF_IMG_20150802_122215_cell_150,0,Uninfected,Uninfected
975,C58P19thinF_IMG_20150802_122338_cell_130,0,Uninfected,Uninfected
976,C58P19thinF_IMG_20150802_122338_cell_63,0,Uninfected,Uninfected
977,C58P19thinF_IMG_20150802_122846_cell_111,0,Uninfected,Uninfected
978,C58P19thinF_IMG_20150802_122846_cell_30,0,Uninfected,Uninfected
979,C5NThinF_IMG_20150609_122034_cell_226,1,Parasitized,Uninfected
980,C60P21thinF_IMG_20150804_104919_cell_13,0,Uninfected,Uninfected
981,C60P21thinF_IMG_20150804_113602_cell_1,0,Uninfected,Uninfected
982,C60P21thinF_IMG_20150804_113602_cell_7,0,Uninfected,Uninfected
983,C61P22N_ThinF_IMG_20150818_112252_cell_12,0,Uninfected,Uninfected
984,C61P22N_ThinF_IMG_20150818_112252_cell_62,0,Uninfected,Uninfected
985,C61P22N_ThinF_IMG_20150818_112433_cell_189,0,Uninfected,Uninfected
986,C61P22N_ThinF_IMG_20150818_112433_cell_24,0,Uninfected,Uninfected
987,C61P22N_ThinF_IMG_20150818_112518_cell_11,0,Uninfected,Uninfected
988,C61P22N_ThinF_IMG_20150818_112518_cell_9,0,Uninfected,Uninfected
989,C61P22N_ThinF_IMG_20150818_112626_cell_147,0,Uninfected,Uninfected
990,C61P22N_ThinF_IMG_20150818_112704_cell_151,0,Uninfected,Uninfected
991,C61P22N_ThinF_IMG_20150818_112811_cell_119,0,Uninfected,Uninfected
992,C62P23N_ThinF_IMG_20150818_132918_cell_39,0,Uninfected,Uninfected
993,C62P23N_ThinF_IMG_20150818_133055_cell_119,0,Uninfected,Uninfected
994,C62P23N_ThinF_IMG_20150818_133055_cell_177,0,Uninfected,Uninfected
995,C62P23N_ThinF_IMG_20150818_133055_cell_3,0,Uninfected,Uninfected
996,C62P23N_ThinF_IMG_20150818_133211_cell_23,0,Uninfected,Uninfected
997,C62P23N_ThinF_IMG_20150818_133211_cell_87,0,Uninfected,Uninfected
998,C62P23N_ThinF_IMG_20150818_133307_cell_21,0,Uninfected,Uninfected
999,C62P23N_ThinF_IMG_20150818_133307_cell_48,0,Uninfected,Uninfected
1000,C63P24N_ThinF_IMG_20150818_143423_cell_160,0,Uninfected,Uninfected
1001,C63P24N_ThinF_IMG_20150818_143544_cell_137,0,Uninfected,Uninfected
1002,C63P24N_ThinF_IMG_20150818_143544_cell_159,0,Uninfected,Uninfected
1003,C63P24N_ThinF_IMG_20150818_143544_cell_92,0,Uninfected,Uninfected
1004,C63P24N_ThinF_IMG_20150818_143757_cell_118,0,Uninfected,Uninfected
1005,C63P24N_ThinF_IMG_20150818_144456_cell_117,0,Uninfected,Uninfected
1006,C63P24N_ThinF_IMG_20150818_144456_cell_135,0,Uninfected,Uninfected
1007,C64P25N_ThinF_IMG_20150818_152921_cell_13,0,Uninfected,Uninfected
1008,C64P25N_ThinF_IMG_20150818_152921_cell_39,0,Uninfected,Uninfected
1009,C64P25N_ThinF_IMG_20150818_153401_cell_45,0,Uninfected,Uninfected
1010,C64P25N_ThinF_IMG_20150818_153517_cell_145,0,Uninfected,Uninfected
1011,C64P25N_ThinF_IMG_20150818_153517_cell_49,0,Uninfected,Uninfected
1012,C65P26N_ThinF_IMG_20150818_154050_cell_100,0,Uninfected,Uninfected
1013,C65P26N_ThinF_IMG_20150818_154050_cell_36,0,Uninfected,Uninfected
1014,C65P26N_ThinF_IMG_20150818_154326_cell_74,0,Uninfected,Uninfected
1015,C65P26N_ThinF_IMG_20150818_154624_cell_118,0,Uninfected,Uninfected
1016,C65P26N_ThinF_IMG_20150818_154714_cell_136,0,Uninfected,Uninfected
1017,C66P27N_ThinF_IMG_20150818_163419_cell_191,0,Uninfected,Uninfected
1018,C66P27N_ThinF_IMG_20150818_163551_cell_82,0,Uninfected,Uninfected
1019,C66P27N_ThinF_IMG_20150818_164008_cell_101,0,Uninfected,Uninfected
1020,C66P27N_ThinF_IMG_20150818_164408_cell_17,0,Uninfected,Uninfected
1021,C66P27N_ThinF_IMG_20150818_164408_cell_86,0,Uninfected,Uninfected
1022,C66P27N_ThinF_IMG_20150818_164702_cell_104,0,Uninfected,Uninfected
1023,C66P27N_ThinF_IMG_20150818_164754_cell_45,0,Uninfected,Uninfected
1024,C67P28N_ThinF_IMG_20150819_115417_cell_177,0,Uninfected,Uninfected
1025,C67P28N_ThinF_IMG_20150819_115955_cell_107,0,Uninfected,Uninfected
1026,C67P28N_ThinF_IMG_20150819_121053_cell_158,2,Parasitized,Uninfected
1027,C67P28N_ThinF_IMG_20150819_121053_cell_176,1,Parasitized,Uninfected
1028,C67P28N_ThinF_IMG_20150819_121240_cell_132,0,Uninfected,Uninfected
1029,C67P28N_ThinF_IMG_20150819_132441_cell_87,0,Uninfected,Uninfected
1030,C68P29N_ThinF_IMG_20150819_134112_cell_6,0,Uninfected,Uninfected
1031,C68P29N_ThinF_IMG_20150819_134112_cell_79,0,Uninfected,Uninfected
1032,C68P29N_ThinF_IMG_20150819_134504_cell_62,0,Uninfected,Uninfected
1033,C68P29N_ThinF_IMG_20150819_134504_cell_65,0,Uninfected,Uninfected
1034,C69P30N_ThinF_IMG_20150819_135705_cell_168,0,Uninfected,Uninfected
1035,C69P30N_ThinF_IMG_20150819_135705_cell_49,0,Uninfected,Uninfected
1036,C69P30N_ThinF_IMG_20150819_140143_cell_53,0,Uninfected,Uninfected
1037,C69P30N_ThinF_IMG_20150819_140143_cell_86,0,Uninfected,Uninfected
1038,C69P30N_ThinF_IMG_20150819_140652_cell_34,0,Uninfected,Uninfected
1039,C70P31_ThinF_IMG_20150813_131330_cell_58,0,Uninfected,Uninfected
1040,C70P31_ThinF_IMG_20150813_131609_cell_44,0,Uninfected,Uninfected
1041,C70P31_ThinF_IMG_20150819_141403_cell_17,0,Uninfected,Uninfected
1042,C71P32_ThinF_IMG_20150813_162016_cell_23,0,Uninfected,Uninfected
1043,C71P32_ThinF_IMG_20150813_162146_cell_188,0,Uninfected,Uninfected
1044,C71P32_ThinF_IMG_20150813_162146_cell_61,0,Uninfected,Uninfected
1045,C71P32_ThinF_IMG_20150813_162554_cell_40,0,Uninfected,Uninfected
1046,C71P32_ThinF_IMG_20150813_162554_cell_65,0,Uninfected,Uninfected
1047,C71P32_ThinF_IMG_20150813_163655_cell_140,0,Uninfected,Uninfected
1048,C72P33_ThinF_IMG_20150815_104045_cell_118,0,Uninfected,Uninfected
1049,C72P33_ThinF_IMG_20150815_104307_cell_85,0,Uninfected,Uninfected
1050,C72P33_ThinF_IMG_20150815_104307_cell_90,0,Uninfected,Uninfected
1051,C72P33_ThinF_IMG_20150815_104843_cell_138,0,Uninfected,Uninfected
1052,C72P33_ThinF_IMG_20150815_104923_cell_166,0,Uninfected,Uninfected
1053,C72P33_ThinF_IMG_20150815_104923_cell_178,0,Uninfected,Uninfected
1054,C72P33_ThinF_IMG_20150815_105033_cell_30,0,Uninfected,Uninfected
1055,C72P33_ThinF_IMG_20150815_105823_cell_35,0,Uninfected,Uninfected
1056,C72P33_ThinF_IMG_20150815_105823_cell_5,0,Uninfected,Uninfected
1057,C73P34_ThinF_IMG_20150815_111114_cell_100,0,Uninfected,Uninfected
1058,C73P34_ThinF_IMG_20150815_111114_cell_41,0,Uninfected,Uninfected
1059,C73P34_ThinF_IMG_20150815_111302_cell_127,0,Uninfected,Uninfected
1060,C73P34_ThinF_IMG_20150815_111302_cell_30,0,Uninfected,Uninfected
1061,C73P34_ThinF_IMG_20150815_111302_cell_84,0,Uninfected,Uninfected
1062,C73P34_ThinF_IMG_20150815_111302_cell_98,0,Uninfected,Uninfected
1063,C73P34_ThinF_IMG_20150815_111422_cell_12,0,Uninfected,Uninfected
1064,C73P34_ThinF_IMG_20150815_111422_cell_126,0,Uninfected,Uninfected
1065,C73P34_ThinF_IMG_20150815_111422_cell_91,0,Uninfected,Uninfected
1066,C73P34_ThinF_IMG_20150815_112246_cell_180,0,Uninfected,Uninfected
1067,C73P34_ThinF_IMG_20150815_112246_cell_49,0,Uninfected,Uninfected
1068,C73P34_ThinF_IMG_20150815_112246_cell_90,0,Uninfected,Uninfected
1069,C74P35_ThinF_IMG_20150815_114153_cell_107,0,Uninfected,Uninfected
1070,C74P35_ThinF_IMG_20150815_114153_cell_125,0,Uninfected,Uninfected
1071,C74P35_ThinF_IMG_20150815_114401_cell_80,0,Uninfected,Uninfected
1072,C74P35_ThinF_IMG_20150815_120957_cell_32,0,Uninfected,Uninfected
1073,C75P36_ThinF_IMG_20150815_162935_cell_82,0,Uninfected,Uninfected
1074,C75P36_ThinF_IMG_20150815_163147_cell_159,0,Uninfected,Uninfected
1075,C75P36_ThinF_IMG_20150815_163225_cell_62,0,Uninfected,Uninfected
1076,C76P37ThinF_IMG_20150815_171214_cell_39,0,Uninfected,Uninfected
1077,C76P37ThinF_IMG_20150815_171454_cell_117,0,Uninfected,Uninfected
1078,C76P37ThinF_IMG_20150815_171454_cell_210,0,Uninfected,Uninfected
1079,C76P37ThinF_IMG_20150815_171454_cell_61,0,Uninfected,Uninfected
1080,C76P37ThinF_IMG_20150815_171454_cell_92,0,Uninfected,Uninfected
1081,C76P37ThinF_IMG_20150815_172808_cell_148,0,Uninfected,Uninfected
1082,C76P37ThinF_IMG_20150815_172808_cell_15,0,Uninfected,Uninfected
1083,C76P37ThinF_IMG_20150815_172902_cell_135,0,Uninfected,Uninfected
1084,C76P37ThinF_IMG_20150815_173019_cell_73,0,Uninfected,Uninfected
1085,C78P39ThinF_IMG_20150606_103413_cell_12,0,Uninfected,Uninfected
1086,C78P39ThinF_IMG_20150606_104426_cell_141,0,Uninfected,Uninfected
1087,C79P40ThinF_IMG_20150817_102702_cell_175,0,Uninfected,Uninfected
1088,C79P40ThinF_IMG_20150817_103303_cell_77,0,Uninfected,Uninfected
1089,C79P40ThinF_IMG_20150817_103303_cell_87,0,Uninfected,Uninfected
1090,C79P40ThinF_IMG_20150817_103901_cell_54,0,Uninfected,Uninfected
1091,C79P40ThinF_IMG_20150817_104316_cell_55,0,Uninfected,Uninfected
1092,C79P40ThinF_IMG_20150817_104919_cell_38,0,Uninfected,Uninfected
1093,C80P41ThinF_IMG_20150817_110348_cell_4,0,Uninfected,Uninfected
1094,C80P41ThinF_IMG_20150817_110957_cell_34,0,Uninfected,Uninfected
1095,C80P41ThinF_IMG_20150817_111121_cell_137,2,Parasitized,Uninfected
1096,C81P42ThinF_IMG_20150817_120351_cell_82,0,Uninfected,Uninfected
1097,C81P42ThinF_IMG_20150817_120524_cell_40,0,Uninfected,Uninfected
1098,C81P42ThinF_IMG_20150817_120712_cell_74,0,Uninfected,Uninfected
1099,C81P42ThinF_IMG_20150817_121113_cell_55,0,Uninfected,Uninfected
1100,C82P43ThinF_IMG_20150817_123500_cell_152,0,Uninfected,Uninfected
1101,C82P43ThinF_IMG_20150817_123500_cell_196,0,Uninfected,Uninfected
1102,C82P43ThinF_IMG_20150817_123652_cell_133,0,Uninfected,Uninfected
1103,C82P43ThinF_IMG_20150817_123824_cell_37,0,Uninfected,Uninfected
1104,C82P43ThinF_IMG_20150817_123824_cell_92,0,Uninfected,Uninfected
1105,C82P43ThinF_IMG_20150817_124010_cell_148,0,Uninfected,Uninfected
1106,C82P43ThinF_IMG_20150817_124010_cell_35,0,Uninfected,Uninfected
1107,C82P43ThinF_IMG_20150817_124418_cell_31,0,Uninfected,Uninfected
1108,C83P44ThinF_IMG_20150817_133218_cell_129,0,Uninfected,Uninfected
1109,C83P44ThinF_IMG_20150817_133218_cell_150,0,Uninfected,Uninfected
1110,C83P44ThinF_IMG_20150817_133218_cell_72,0,Uninfected,Uninfected
1111,C83P44ThinF_IMG_20150817_133355_cell_144,0,Uninfected,Uninfected
1112,C83P44ThinF_IMG_20150817_134820_cell_59,0,Uninfected,Uninfected
1113,C84P45ThinF_IMG_20150818_101412_cell_78,0,Uninfected,Uninfected
1114,C84P45ThinF_IMG_20150818_102325_cell_80,0,Uninfected,Uninfected
1115,C84P45ThinF_IMG_20150818_102654_cell_50,0,Uninfected,Uninfected
1116,C85P46ThinF_IMG_20150820_105301_cell_55,0,Uninfected,Uninfected
1117,C85P46ThinF_IMG_20150820_105748_cell_5,0,Uninfected,Uninfected
1118,C85P46ThinF_IMG_20150820_110040_cell_173,0,Uninfected,Uninfected
1119,C85P46ThinF_IMG_20150820_110040_cell_40,0,Uninfected,Uninfected
1120,C86P47ThinF_IMG_20150820_123717_cell_103,0,Uninfected,Uninfected
1121,C86P47ThinF_IMG_20150820_123717_cell_231,0,Uninfected,Uninfected
1122,C86P47ThinF_IMG_20150820_124025_cell_198,0,Uninfected,Uninfected
1123,C86P47ThinF_IMG_20150820_124025_cell_56,0,Uninfected,Uninfected
1124,C86P47ThinF_IMG_20150820_124025_cell_83,0,Uninfected,Uninfected
1125,C86P47ThinF_IMG_20150820_124259_cell_194,0,Uninfected,Uninfected
1126,C86P47ThinF_IMG_20150820_124943_cell_207,1,Parasitized,Uninfected
1127,C86P47ThinF_IMG_20150820_125057_cell_149,0,Uninfected,Uninfected
1128,C87P48ThinF_IMG_20150820_132327_cell_102,0,Uninfected,Uninfected
1129,C87P48ThinF_IMG_20150820_132327_cell_122,0,Uninfected,Uninfected
1130,C87P48ThinF_IMG_20150820_132327_cell_133,1,Parasitized,Uninfected
1131,C87P48ThinF_IMG_20150820_132327_cell_31,0,Uninfected,Uninfected
1132,C87P48ThinF_IMG_20150820_132327_cell_5,0,Uninfected,Uninfected
1133,C87P48ThinF_IMG_20150820_132642_cell_85,0,Uninfected,Uninfected
1134,C87P48ThinF_IMG_20150820_141913_cell_106,2,Parasitized,Uninfected
1135,C87P48ThinF_IMG_20150820_144714_cell_24,0,Uninfected,Uninfected
1136,C88P49ThinF_IMG_20150820_150141_cell_175,0,Uninfected,Uninfected
1137,C88P49ThinF_IMG_20150820_150141_cell_77,0,Uninfected,Uninfected
1138,C88P49ThinF_IMG_20150820_151626_cell_10,0,Uninfected,Uninfected
1139,C88P49ThinF_IMG_20150820_151626_cell_125,0,Uninfected,Uninfected
1140,C89P50ThinF_IMG_20150820_162300_cell_108,0,Uninfected,Uninfected
1141,C89P50ThinF_IMG_20150820_162813_cell_115,0,Uninfected,Uninfected
1142,C89P50ThinF_IMG_20150820_162813_cell_71,0,Uninfected,Uninfected
1143,C89P50ThinF_IMG_20150820_162813_cell_78,0,Uninfected,Uninfected
1144,C89P50ThinF_IMG_20150820_163347_cell_191,2,Parasitized,Uninfected
1145,C90P51ThinF_IMG_20150821_115056_cell_209,0,Uninfected,Uninfected
1146,C90P51ThinF_IMG_20150821_115310_cell_102,2,Parasitized,Uninfected
1147,C90P51ThinF_IMG_20150821_115310_cell_155,0,Uninfected,Uninfected
1148,C90P51ThinF_IMG_20150821_115310_cell_77,0,Uninfected,Uninfected
1149,C90P51ThinF_IMG_20150821_115846_cell_1,0,Uninfected,Uninfected
1150,C90P51ThinF_IMG_20150821_120044_cell_223,0,Uninfected,Uninfected
1151,C90P51ThinF_IMG_20150821_120044_cell_69,0,Uninfected,Uninfected
1152,C90P51ThinF_IMG_20150821_120044_cell_85,0,Uninfected,Uninfected
1153,C91P52ThinF_IMG_20150821_123116_cell_102,0,Uninfected,Uninfected
1154,C91P52ThinF_IMG_20150821_123116_cell_12,0,Uninfected,Uninfected
1155,C91P52ThinF_IMG_20150821_124504_cell_76,0,Uninfected,Uninfected
1156,C91P52ThinF_IMG_20150821_124739_cell_167,0,Uninfected,Uninfected
1157,C91P52ThinF_IMG_20150821_124739_cell_49,0,Uninfected,Uninfected
1158,C91P52ThinF_IMG_20150821_125154_cell_59,0,Uninfected,Uninfected
1159,C93P54ThinF_IMG_20150821_162641_cell_102,0,Uninfected,Uninfected
1160,C93P54ThinF_IMG_20150821_163452_cell_163,0,Uninfected,Uninfected
1161,C93P54ThinF_IMG_20150821_163452_cell_55,0,Uninfected,Uninfected
1162,C93P54ThinF_IMG_20150821_163815_cell_91,0,Uninfected,Uninfected
1163,C93P54ThinF_IMG_20150821_164024_cell_138,0,Uninfected,Uninfected
1164,C94P55ThinF_IMG_20150821_165118_cell_56,0,Uninfected,Uninfected
1165,C94P55ThinF_IMG_20150821_165118_cell_60,0,Uninfected,Uninfected
1166,C94P55ThinF_IMG_20150821_165519_cell_135,0,Uninfected,Uninfected
1167,C94P55ThinF_IMG_20150821_165519_cell_157,0,Uninfected,Uninfected
1168,C94P55ThinF_IMG_20150821_170249_cell_97,0,Uninfected,Uninfected
1169,C94P55ThinF_IMG_20150821_170403_cell_185,0,Uninfected,Uninfected
1170,C96P57ThinF_IMG_20150824_105445_cell_154,0,Uninfected,Uninfected
1171,C96P57ThinF_IMG_20150824_105445_cell_29,0,Uninfected,Uninfected
1172,C96P57ThinF_IMG_20150824_105531_cell_217,0,Uninfected,Uninfected
1173,C96P57ThinF_IMG_20150824_110812_cell_177,0,Uninfected,Uninfected
1174,C96P57ThinF_IMG_20150824_111748_cell_166,0,Uninfected,Uninfected
1175,C96P57ThinF_IMG_20150824_111748_cell_69,0,Uninfected,Uninfected
1176,C96P57ThinF_IMG_20150824_112132_cell_124,0,Uninfected,Uninfected
1177,C96P57ThinF_IMG_20150824_112442_cell_43,0,Uninfected,Uninfected
1178,C97P58ThinF_IMG_20150917_145555_cell_149,0,Uninfected,Uninfected
1179,C97P58ThinF_IMG_20150917_150838_cell_47,0,Uninfected,Uninfected
1180,C97P58ThinF_IMG_20150917_151320_cell_119,0,Uninfected,Uninfected
1181,C97P58ThinF_IMG_20150917_151320_cell_51,0,Uninfected,Uninfected
1182,C97P58ThinF_IMG_20150917_151437_cell_77,0,Uninfected,Uninfected
1183,C97P58ThinF_IMG_20150917_151512_cell_133,0,Uninfected,Uninfected
1184,C97P58ThinF_IMG_20150917_151512_cell_16,0,Uninfected,Uninfected
1185,C97P58ThinF_IMG_20150917_151551_cell_142,0,Uninfected,Uninfected
1186,C97P58ThinF_IMG_20150917_151551_cell_56,0,Uninfected,Uninfected
1187,C97P58ThinF_IMG_20150917_152032_cell_101,0,Uninfected,Uninfected
1188,C98P59ThinF_IMG_20150917_153030_cell_144,0,Uninfected,Uninfected
1189,C98P59ThinF_IMG_20150917_153311_cell_61,0,Uninfected,Uninfected
1190,C98P59ThinF_IMG_20150917_153801_cell_79,0,Uninfected,Uninfected
1191,C98P59ThinF_IMG_20150917_153938_cell_26,0,Uninfected,Uninfected
1192,C98P59ThinF_IMG_20150917_153938_cell_44,0,Uninfected,Uninfected
1193,C98P59ThinF_IMG_20150917_154235_cell_85,0,Uninfected,Uninfected
1194,C98P59ThinF_IMG_20150917_154452_cell_144,0,Uninfected,Uninfected
1195,C99P60ThinF_IMG_20150918_141129_cell_20,0,Uninfected,Uninfected
1196,C99P60ThinF_IMG_20150918_141351_cell_26,0,Uninfected,Uninfected
1197,C99P60ThinF_IMG_20150918_141351_cell_75,0,Uninfected,Uninfected
1198,C99P60ThinF_IMG_20150918_141520_cell_42,0,Uninfected,Uninfected
1199,C99P60ThinF_IMG_20150918_141520_cell_64,0,Uninfected,Uninfected
